Company Name,# Employees,Industry,Website,Company Linkedin Url,Facebook Url,Twitter Url,Company Street,Company City,Company State,Company Country,Company Postal Code,Company Address,Company Phone,Annual Revenue,SIC Codes,NAICS Codes,Founded Year,Subsidiary of
Mimosa Mining Company,550,mining & metals,,http://www.linkedin.com/company/mimosa-mining-company,https://facebook.com/implats,https://twitter.com/implats,,Harare,Harare Province,Zimbabwe,,"Harare, Harare Province, Zimbabwe",'+27 11 731 9000,7321555000,1000,,1966,
McHenry County College,700,higher education,http://www.mchenry.edu,http://www.linkedin.com/school/mchenry-county-college,https://facebook.com/pages/Crystal-Lake-IL/McHenry-County-College/70902962344,https://twitter.com/mcc_edu,8900 US Highway 14,Crystal Lake,Illinois,United States,60012,"8900 US Highway 14, Crystal Lake, Illinois, United States, 60012",'+1 815-455-3700,9900000,8211,61121,1967,
Composites One,660,logistics & supply chain,http://www.compositesone.com,http://www.linkedin.com/company/composites-one,https://facebook.com/CompositesOne,https://twitter.com/compositesone,955 National Pkwy,Schaumburg,Illinois,United States,60173-5149,"955 National Pkwy, Schaumburg, Illinois, United States, 60173-5149",'+1 800-621-8003,200000000,5085,,1999,
Turner Industries,19000,construction,http://www.turner-industries.com,http://www.linkedin.com/company/turner-industries,https://facebook.com/TurnerIndustries,https://twitter.com/turnerind,8687 United Plaza Boulevard,Baton Rouge,Louisiana,United States,70809,"8687 United Plaza Boulevard, Baton Rouge, Louisiana, United States, 70809",'+1 225-922-5050,2700000000,1731,23713,1961,
Augusta University Health,1400,hospital & health care,,http://www.linkedin.com/company/aug-health,https://www.facebook.com/wellstarhealthsystem,https://twitter.com/WellStarHealth,1120 15th St,Augusta,Georgia,United States,30912,"1120 15th St, Augusta, Georgia, United States, 30912",'+1 770-956-7827,914479000,8011,62111,2000,
PQ Corporation,2300,chemicals,http://www.pqcorp.com,http://www.linkedin.com/company/pq-corporation,,,840 Valley Forge Rd,Phoenixville,Pennsylvania,United States,19460-2671,"840 Valley Forge Rd, Phoenixville, Pennsylvania, United States, 19460-2671",'+1 610-651-4200,704493000,2899,32513,1815,
Lummus Technology,1700,management consulting,http://www.lummustechnology.com,http://www.linkedin.com/company/lummustechnology,,,5825 N Sam Houston Pkwy W,Houston,Texas,United States,77086-1497,"5825 N Sam Houston Pkwy W, Houston, Texas, United States, 77086-1497",'+1 281-368-3116,500000000,3559,32511,1907,Haldia Petrochemicals Ltd (haldiapetrochemicals.com)
Bezalel Academy of Art and Design,520,higher education,http://www.bezalel.ac.il,http://www.linkedin.com/school/bezalel-academy-of-arts-and-design-jerusalem,https://facebook.com/bezalelacademyen,https://twitter.com/BezalelAcademy,,,Illinois,United States,,"Illinois, United States",'+62 859-2418-9242,362000,8299,61131,1906,
Sundance Institute,590,media production,http://www.sundance.org,http://www.linkedin.com/company/sundanceorg,http://www.facebook.com/sundance,https://twitter.com/sundancefest,1825 Three Kings Drive,Park City,Utah,United States,84060,"1825 Three Kings Drive, Park City, Utah, United States, 84060",'+1 310-360-1981,45006000,8399,81321,1981,AMC Networks (amcnetworks.com)
PDVSA Petrocedeño S.A.,1400,oil & energy,http://www.petrocedeno.com,http://www.linkedin.com/company/pdvsa-petrocede-o-s.a.,,,6363 Oklahoma 66,Tulsa,Oklahoma,United States,74131,"6363 Oklahoma 66, Tulsa, Oklahoma, United States, 74131",,,1311,21112,1999,
"Thompson Industrial Services, LLC",1000,environmental services,http://www.thompsonind.com,http://www.linkedin.com/company/thompsonind,https://www.facebook.com/pages/Thompson-Industrial-Services/125803017496732,https://twitter.com/ThompsonInd,104 N Main St,Sumter,South Carolina,United States,29150,"104 N Main St, Sumter, South Carolina, United States, 29150",'+1 803-934-0138,5015000,1389,23899,1986,Clean Harbors (cleanharbors.com)
The Asia Foundation,810,nonprofit organization management,http://www.asiafoundation.org,http://www.linkedin.com/company/the-asia-foundation,https://facebook.com/pages/The-Asia-Foundation/75896127904,https://twitter.com/Asia_Foundation,465 California St,San Francisco,California,United States,94104,"465 California St, San Francisco, California, United States, 94104",'+1 415-982-4640,113200000,8399,81331,1954,
Catalyst Clinical Research,960,research,http://www.catalystcr.com,http://www.linkedin.com/company/catalyst-clinical-research-llc,https://facebook.com/CatalystClinicalResearchLLC/,https://twitter.com/catalystcrnc,2528 Independence Blvd,Wilmington,North Carolina,United States,28412-2590,"2528 Independence Blvd, Wilmington, North Carolina, United States, 28412-2590",'+1 919-648-0668,153000000,8731,54171,2013,NovaQuest Capital Management (novaquest.com)
ScanSource Catalyst,2300,wholesale,http://www.scansourcecatalyst.com,http://www.linkedin.com/company/catalyst-telecom,,,6 Logue Ct,Greenville,South Carolina,United States,29615,"6 Logue Ct, Greenville, South Carolina, United States, 29615",'+1 800-944-2432,2974037000,,,,
"NGK Ceramics USA, Inc.",640,automotive,http://www.ngkceramics.com,http://www.linkedin.com/company/ngk-ceramics,https://www.facebook.com/ngkceramicsusa,,119 Mazeppa Road,Mooresville,North Carolina,United States,28115,"119 Mazeppa Road, Mooresville, North Carolina, United States, 28115",'+1 704-664-7000,,3399,33149,1988,
Coastal Chemical,510,chemicals,http://www.coastalchem.com,http://www.linkedin.com/company/coastal-chemical-company,,,5300 Memorial Dr,Houston,Texas,United States,77007,"5300 Memorial Dr, Houston, Texas, United States, 77007",'+1 800-535-3862,50000000,2899,32419,1958,
Standard Industries,20000,mechanical or industrial engineering,http://www.standardindustries.com,http://www.linkedin.com/company/standardindustries,https://facebook.com/standardind,,9 West 57th Street,New York,New York,United States,10019,"9 West 57th Street, New York, New York, United States, 10019",'+1 212-821-1600,11000000000,3531,23611,1886,
"Ecolab, Purolite Resins",48000,mechanical or industrial engineering,http://www.purolite.com,http://www.linkedin.com/company/purolite,https://www.facebook.com/puroliteresins,https://twitter.com/purolitecorp?lang=en,1 Ecolab Pl,Saint Paul,Minnesota,United States,55102-2739,"1 Ecolab Pl, Saint Paul, Minnesota, United States, 55102-2739",'+1 610-200-6798,400000000,2869,32599,1981,Ecolab (ecolab.com)
Ecoservices,920,chemicals,http://www.ecovyst.com,http://www.linkedin.com/company/eco-services-operations-llc,,,1301 Airline Hwy,Baton Rouge,Louisiana,United States,70805,"1301 Airline Hwy, Baton Rouge, Louisiana, United States, 70805",'+1 484-617-1200,723436000,2869,32513,1885,
Catalyst Family,1300,government administration,http://www.catalystfamily.org,http://www.linkedin.com/company/catalyst-familyinc,,,350 Woodview Ave,Morgan Hill,California,United States,95037,"350 Woodview Ave, Morgan Hill, California, United States, 95037",,102568000,,,1976,
Aurorium,740,chemicals,http://www.aurorium.com,http://www.linkedin.com/company/aurorium,,,201 N Illinois St,Indianapolis,Indiana,United States,46204-1904,"201 N Illinois St, Indianapolis, Indiana, United States, 46204-1904",'+1 317-247-8141,636819000,2899,32519,,
Wellstar Health System,30000,hospital & health care,http://www.wellstar.org,http://www.linkedin.com/company/wellstar-health-system,https://www.facebook.com/wellstarhealthsystem,,793 Sawyer Road,Marietta,Georgia,United States,30062,"793 Sawyer Road, Marietta, Georgia, United States, 30062",'+1 706-723-8860,4900000000,8011,62111,1993,
USA DeBusk,800,oil & energy,http://www.usadebusk.com,http://www.linkedin.com/company/usa-debusk,https://www.facebook.com/usadebusk,,1005 West 8th Street,Deer Park,Texas,United States,77536,"1005 West 8th Street, Deer Park, Texas, United States, 77536",'+1 844-243-5557,20000000,1389,21311,2012,H.I.G. Capital (hig.com)
Ascent Hospitality Management,6900,food & beverages,http://www.ascenthm.com,http://www.linkedin.com/company/ascenthospitalitymanagement,,,450 Peachtree Dunwoody Cir NE,Sandy Springs,Georgia,United States,30342,"450 Peachtree Dunwoody Cir NE, Sandy Springs, Georgia, United States, 30342",'+1 770-325-1300,,5812,72251,2019,
Endeavor,1700,nonprofit organization management,http://www.endeavor.org,http://www.linkedin.com/company/endeavorglobal,,,28 Liberty St,New York,New York,United States,10005-1400,"28 Liberty St, New York, New York, United States, 10005-1400",'+1 212-352-3200,7111000000,8399,81331,1997,
Honeywell UOP,1100,oil & energy,http://www.uop.com,http://www.linkedin.com/company/uop,,,,Des Plaines,Illinois,United States,60016,"Des Plaines, Illinois, United States, 60016",'+1 847-391-2000,200000000,2869,33313,1914,Honeywell (honeywell.com)
"A. Schulman, Inc.",5300,plastics,,http://www.linkedin.com/company/lyondellbasell-aschulman,https://www.facebook.com/LyondellBasell,,1221 McKinney Street,Houston,Texas,United States,77010,"1221 McKinney Street, Houston, Texas, United States, 77010",,2461124000,2821,32521,1928,
"ExodusPoint Capital Management, LP",660,financial services,http://www.exoduspoint.com,http://www.linkedin.com/company/exoduspoint,,,65 E 55th St,New York,New York,United States,10022-3205,"65 E 55th St, New York, New York, United States, 10022-3205",'+1 646-940-9600,221700000,6726,5231,2017,
Cabot Microelectronics,2200,semiconductors,http://www.cmcmaterials.com,http://www.linkedin.com/company/cabot-microelectronics,https://facebook.com/CMCMaterials/,https://twitter.com/cmc_materials,870 N Commons Dr,Aurora,Illinois,United States,60504,"870 N Commons Dr, Aurora, Illinois, United States, 60504",'+1 630-375-6631,1199831000,3829,33441,2000,Entegris (entegris.com)
ALBEMARLE CATALYSTS COMPANY BV,8300,chemicals,http://www.albemarle.com,http://www.linkedin.com/company/albemarlecorp,https://www.facebook.com/AlbemarleCorp,https://twitter.com/AlbemarleCorp,4250 Congress St,Charlotte,North Carolina,United States,28209-0012,"4250 Congress St, Charlotte, North Carolina, United States, 28209-0012",'+1 980-299-5700,5377526000,"2810, 8734",,1887,
TAKASAGO INTERNATIONAL CORP.,4100,chemicals,http://www.takasago.com,http://www.linkedin.com/company/takasago-international-corp-usa,,,4 Volvo Drive,Rockleigh,New Jersey,United States,7647,"4 Volvo Drive, Rockleigh, New Jersey, United States, 07647",'+1 201-767-9001,1566619000,2844,32561,1920,
Shockwave Medical,1500,medical devices,http://www.shockwavemedical.com,http://www.linkedin.com/company/shockwave-medical,https://facebook.com/ShockwaveMedical/,https://twitter.com/shockwaveivl,5403 Betsy Ross Dr,Santa Clara,California,United States,95054,"5403 Betsy Ross Dr, Santa Clara, California, United States, 95054",'+1 877-775-4846,730230000,3845,33911,2009,Johnson & Johnson (jnj.com)
KPI Ninja by Health Catalyst,1500,hospital & health care,,http://www.linkedin.com/company/kpi-ninja,https://www.facebook.com/HealthCatalyst,https://twitter.com/HealthCatalyst,2900 South 70th Street,Lincoln,Nebraska,United States,68506,"2900 South 70th Street, Lincoln, Nebraska, United States, 68506",'+1 855-309-6800,316093000,7375,54161,2014,
Sigma-Aldrich,3200,research,,http://www.linkedin.com/company/sigma-aldrich,https://facebook.com/Merck.lifescience,https://twitter.com/Merck_lifesci,2909 Laclede Ave,St. Louis,Missouri,United States,63103-2167,"2909 Laclede Ave, St. Louis, Missouri, United States, 63103-2167",'+1 314-771-5765,,8731,32541,1951,Merck Group (merckgroup.com)
Express Employment Professionals - Garden Grove,4200,staffing & recruiting,,http://www.linkedin.com/company/expressgg,,,12873 Harbor Blvd,Garden Grove,California,United States,92840-5801,"12873 Harbor Blvd, Garden Grove, California, United States, 92840-5801",,,,,1977,
Bakelite Synthetics,1500,chemicals,http://www.bakelite.com,http://www.linkedin.com/company/bakelite-synthetics,https://facebook.com/bakelitesynthetics/,,1040 Crown Pointe Pkwy,Atlanta,Georgia,United States,30338-4701,"1040 Crown Pointe Pkwy, Atlanta, Georgia, United States, 30338-4701",,70000000,,32521,1907,
Turn2 Specialty Companies,1100,oil & energy,http://www.turn2sc.com,http://www.linkedin.com/company/turn2-specialty-companies,https://www.facebook.com/Turn2SpecialtyCompanies/,,3558 Kilgore Pkwy,Baytown,Texas,United States,77523,"3558 Kilgore Pkwy, Baytown, Texas, United States, 77523",'+1 346-241-0439,370000000,1389,21311,2018,
"CVR Energy, Inc.",1600,oil & energy,http://www.cvrenergy.com,http://www.linkedin.com/company/cvr-energy-inc-,,,2277 Plaza Drive,Sugar Land,Texas,United States,77479,"2277 Plaza Drive, Sugar Land, Texas, United States, 77479",'+1 281-207-3205,7610000000,2911,32411,1906,
Jacam Catalyst,520,oil & energy,http://www.jacamcatalyst.com,http://www.linkedin.com/company/jacamcatalyst,https://www.facebook.com/JacamChem,https://twitter.com/JacamCatalyst,11999 E US Highway 158,Gardendale,Texas,United States,79758,"11999 E US Highway 158, Gardendale, Texas, United States, 79758",'+1 432-563-0727,,2899,32599,2005,
AMG Critical Materials N.V.,3600,mining & metals,http://www.amg-nv.com,http://www.linkedin.com/company/amg-critical-materials-nv,https://facebook.com/amgcriticalmaterials,https://twitter.com/amg_criticalmat,435 Devon Park Dr,Wayne,Pennsylvania,United States,19087,"435 Devon Park Dr, Wayne, Pennsylvania, United States, 19087",'+1 610-293-2501,1544462000,3399,33149,2006,
LyondellBasell,20000,chemicals,http://www.lyondellbasell.com,http://www.linkedin.com/company/lyondell-basell,https://www.facebook.com/LyondellBasell,https://twitter.com/LyondellBasell,1221 McKinney Street,Houston,Texas,United States,77010,"1221 McKinney Street, Houston, Texas, United States, 77010",'+1 713-309-7200,40302000000,2821,32521,2007,
MilliporeSigma,10000,research,,http://www.linkedin.com/company/milliporesigma,,,400 Summit Drive,Burlington,Massachusetts,United States,1803,"400 Summit Drive, Burlington, Massachusetts, United States, 01803",,,8731,32541,1668,
Las Vegas Sands Corp.,40000,hospitality,http://www.sands.com,http://www.linkedin.com/company/las-vegas-sands-corporation,https://facebook.com/lasvegassands/,https://twitter.com/LasVegasSands/,5420 S Durango Dr,Las Vegas,Nevada,United States,89113,"5420 S Durango Dr, Las Vegas, Nevada, United States, 89113",'+1 702-923-9000,11298000000,7011,72111,2004,
"Cameron, a Schlumberger company",18000,oil & energy,,http://www.linkedin.com/company/cameron,,,1333 West Loop South,Houston,Texas,United States,77027,"1333 West Loop South, Houston, Texas, United States, 77027",'+1 713-375-3535,,8711,21311,,
Applied Materials,36000,semiconductors,http://www.appliedmaterials.com,http://www.linkedin.com/company/applied-materials,https://facebook.com/AppliedMaterialsInc,https://twitter.com/Applied4Tech,3050 Bowers Avenue,Santa Clara,California,United States,95054,"3050 Bowers Avenue, Santa Clara, California, United States, 95054",'+1 408-727-5555,28089000000,"3674, 3577, 3576, 3575, 3600",3332,1967,
Penske Truck Leasing,36000,transportation/trucking/railroad,http://www.pensketruckleasing.com,http://www.linkedin.com/company/penske-truck-leasing,https://facebook.com/penske,https://twitter.com/PenskeNews,2675 Morgantown Road,Reading,Pennsylvania,United States,19607,"2675 Morgantown Road, Reading, Pennsylvania, United States, 19607",'+1 855-345-7268,8400000000,4213,49311,1969,
Gulbrandsen,860,chemicals,http://www.gulbrandsen.com,http://www.linkedin.com/company/gulbrandsen,https://www.facebook.com/Gulbrandsen.inc,,183 Gulbrandsen Rd,Orangeburg,South Carolina,United States,29115-8986,"183 Gulbrandsen Rd, Orangeburg, South Carolina, United States, 29115-8986",'+1 803-531-2413,51000000,2869,32599,1998,Gulbrandsen Technologies (gulbrandsentechnologies.com)
Catalyst Brands LLC,58000,apparel & fashion,http://www.catalystbrands.com,http://www.linkedin.com/company/catalyst-brands-llc,,,6501 Legacy Drive,Plano,Texas,United States,75024,"6501 Legacy Drive, Plano, Texas, United States, 75024",,9000000000,5731,54151,,
W. R. Grace,4000,chemicals,http://www.grace.com,http://www.linkedin.com/company/wr-grace,,https://twitter.com/WRGraceCo,7500 Grace Dr,Columbia,Maryland,United States,21044-4009,"7500 Grace Dr, Columbia, Maryland, United States, 21044-4009",'+1 410-531-4000,1729800000,2899,32599,1854,Standard Industries (standardindustries.com)
JVIC,2500,oil & energy,http://www.jvic.com,http://www.linkedin.com/company/jv-industrial-companies-ltd-,,,3741 Red Bluff Rd,Pasadena,Texas,United States,77503,"3741 Red Bluff Rd, Pasadena, Texas, United States, 77503",'+1 713-568-2661,300000000,1731,23799,1998,Zachry Group (zachrygroup.com)
"SPECIALTY WELDING AND TURNAROUNDS, LLC",550,construction,http://www.swatservice.com,http://www.linkedin.com/company/specialty-welding-and-turnarounds-llc,https://facebook.com/SWATlife2014/,https://twitter.com/anwelding,40492 Cannon Rd,Gonzales,Louisiana,United States,70737,"40492 Cannon Rd, Gonzales, Louisiana, United States, 70737",'+1 225-644-1200,65000000,1389,21311,2014,ORIX Capital Partners (orixcapitalpartners.com)
Clean Harbors,23000,environmental services,http://www.cleanharbors.com,http://www.linkedin.com/company/clean-harbors,https://www.facebook.com/CleanHarborsEnvironmental,https://twitter.com/cleanharbors,42 Longwater Drive,Norwell,Massachusetts,United States,2061,"42 Longwater Drive, Norwell, Massachusetts, United States, 02061",'+1 833-923-4400,5889952000,4953,56221,1980,
"AP Emissions Technologies, LLC",590,automotive,http://www.apemissions.com,http://www.linkedin.com/company/ap-exhaust-technologies,https://www.facebook.com/APEmissions,https://twitter.com/apexhausttech,300 Dixie Trail,Goldsboro,North Carolina,United States,27530,"300 Dixie Trail, Goldsboro, North Carolina, United States, 27530",'+1 919-580-2000,,3621,33611,1927,
QC,820,nanotechnology,http://www.quantachrome.com,http://www.linkedin.com/company/qc,,https://twitter.com/AntonPaar,1900 Corporate Drive,Boynton Beach,Florida,United States,33426,"1900 Corporate Drive, Boynton Beach, Florida, United States, 33426",'+1 561-731-4999,,3824,33451,,
Youngstown State University,1500,higher education,http://www.ysu.edu,http://www.linkedin.com/school/youngstown-state-university,https://www.facebook.com/youngstownstate,https://twitter.com/youngstownstate,1 University Plz,Youngstown,Ohio,United States,44555-0001,"1 University Plz, Youngstown, Ohio, United States, 44555-0001",'+1 330-941-3000,167698000,8222,61131,1908,
TA Instruments,650,electrical/electronic manufacturing,http://www.tainstruments.com,http://www.linkedin.com/company/ta-instruments,https://facebook.com/TA-Instruments-Benelux-Official-820796498000479/,https://twitter.com/TAInstruments,159 Lukens Dr,New Castle,Delaware,United States,19720,"159 Lukens Dr, New Castle, Delaware, United States, 19720",'+1 302-427-4000,345494000,3824,33451,1990,Waters Corporation (waters.com)
Concentrix Catalyst,3000,information technology & services,,http://www.linkedin.com/company/concentrix-catalyst,https://www.facebook.com/Concentrix-153770504699665,https://twitter.com/concentrix,,Beaverton,Oregon,United States,97008,"Beaverton, Oregon, United States, 97008",'+1 800-747-0583,,7389,54151,,
TENNECO INC.,71000,automotive,http://www.tenneco.com,http://www.linkedin.com/company/tenneco,https://facebook.com/TennecoInc,https://twitter.com/TennecoInc,15701 Technology Dr,Northville,Michigan,United States,48168,"15701 Technology Dr, Northville, Michigan, United States, 48168",'+1 847-482-5000,10098939000,3711,33639,1930,
Health Catalyst,1500,information technology & services,http://www.healthcatalyst.com,http://www.linkedin.com/company/healthcatalyst,https://www.facebook.com/HealthCatalyst,https://twitter.com/HealthCatalyst,10897 S River Front Pkwy,South Jordan,Utah,United States,84095-5609,"10897 S River Front Pkwy, South Jordan, Utah, United States, 84095-5609",'+1 855-309-6800,311274000,7375,54161,2008,
SLB,110000,information technology & services,http://www.slb.com,http://www.linkedin.com/company/slbglobal,https://facebook.com/WeAreSLBGlobal,https://twitter.com/cameron_intl,5599 San Felipe Street,Houston,Texas,United States,77056,"5599 San Felipe Street, Houston, Texas, United States, 77056",'+1 713-513-2000,36289000000,8711,21311,1926,
"Ecovyst, Inc.",920,chemicals,,http://www.linkedin.com/company/ecovyst-inc,,,600 Lee Rd,Wayne,Pennsylvania,United States,19087-5624,"600 Lee Rd, Wayne, Pennsylvania, United States, 19087-5624",'+1 484-617-1200,706156000,2869,32513,1831,
BASF Environmental Catalyst and Metal Solutions,880,chemicals,,http://www.linkedin.com/company/basf-environmental-catalyst-metal-solutions,https://www.facebook.com/basf.apac/,https://www.twitter.com/BASF,25 Middlesex Essex Tpke,Woodbridge Township,New Jersey,United States,08830-2721,"25 Middlesex Essex Tpke, Woodbridge Township, New Jersey, United States, 08830-2721",'+1 973-245-7160,,,,,
Des Moines Area Community College,2300,higher education,http://www.dmacc.edu,http://www.linkedin.com/school/des-moines-area-community-college,https://www.facebook.com/DMACCBears,https://twitter.com/dmaccnews,2006 S Ankeny Blvd,Ankeny,Iowa,United States,50023,"2006 S Ankeny Blvd, Ankeny, Iowa, United States, 50023",'+1 515-964-6200,3013000,8221,61121,1966,
Alex Stewart International,630,international trade & development,http://www.alexstewartinternational.com,http://www.linkedin.com/company/alex-stewart-international,https://facebook.com/Alex-Stewart-International-401387309930861/,,Sefton Business Park,Bootle,England,United Kingdom,L30 1RD,"Sefton Business Park, Bootle, England, United Kingdom, L30 1RD",'+44 151 525 2132,56000000,8731,54138,1978,
Johnson Matthey,12000,chemicals,http://www.matthey.com,http://www.linkedin.com/company/johnson-matthey,https://facebook.com/johnsonmattheyplc/,https://twitter.com/Johnson_Matthey,25 Farringdon Street,,England,United Kingdom,EC4A 4AB,"25 Farringdon Street, England, United Kingdom, EC4A 4AB",'+44 20 7269 8400,15112189000,3679,33141,1817,Nano One Materials Corp. TSX: NANO (nanoone.ca)
Malvern Panalytical,1600,electrical/electronic manufacturing,http://www.malvernpanalytical.com,http://www.linkedin.com/company/malvernpanalytical,https://facebook.com/MalvernPanalytical,https://twitter.com/newsfrom_MP,Enigma Business Park,Great Malvern,England,United Kingdom,WR14 1,"Enigma Business Park, Great Malvern, England, United Kingdom, WR14 1",'+44 16 8489 2456,861086000,3824,33451,2017,Spectris plc (spectris.com)
CPI,1400,research,http://www.uk-cpi.com,http://www.linkedin.com/company/uk-cpi,https://www.facebook.com/ukCPI/,https://www.twitter.com/ukcpi,,Redcar,England,United Kingdom,TS10 4RF,"Redcar, England, United Kingdom, TS10 4RF",'+44 16 4245 5340,20000000,8731,54171,2004,
GTA,1800,"leisure, travel & tourism",,http://www.linkedin.com/company/gta,https://www.facebook.com/Hotelbeds,https://twitter.com/Hotelbeds,27 Goswell Road,,England,United Kingdom,EC1M,"27 Goswell Road, England, United Kingdom, EC1M",,2994755000,7389,519,1975,Cinven (cinven.com)
James Cropper Advanced Materials,600,textiles,,http://www.linkedin.com/company/james-cropper-advanced-materials,,,,Kendal,England,United Kingdom,LA9 6,"Kendal, England, United Kingdom, LA9 6",,128601000,,,1986,
AIMS,560,oil & energy,http://www.aimsgt.com,http://www.linkedin.com/company/aimsgroup,https://www.facebook.com/AIMS-Oil-and-Gas-Equipment-Trading-200895637460700/,https://twitter.com/AIMS20399808,Al Salam Street,Abu Dhabi,Abu Dhabi,United Arab Emirates,22200,"Al Salam Street, Abu Dhabi, Abu Dhabi, United Arab Emirates, 22200",'+971 2 643 6114,13963000,3531,33232,2008,
RAI,600,management consulting,http://www.raifirm.com,http://www.linkedin.com/company/raifirm,,,مراسي درايف,دبي,دبي,United Arab Emirates,,"مراسي درايف, دبي, دبي, United Arab Emirates",'+971 2 222 2236,,8741,54161,2020,
"GCME - GC Maintenance and Engineering Co., Ltd.",1800,oil & energy,http://www.gcme.co.th,http://www.linkedin.com/company/gc-maintenance-and-engineering,https://facebook.com/gcmeofficial,,13/2 ถนน เข้าวัดมาบตาพุด,,Rayong,Thailand,21000,"13/2 ถนน เข้าวัดมาบตาพุด, Rayong, Thailand, 21000",'+66 38 977 800,173000000,8711,54133,2004,
CR3,1600,oil & energy,http://www.cr3.group,http://www.linkedin.com/company/cr3-pte-ltd,https://www.facebook.com/CR3PteLtd,,142 ถนน สุขุมวิท,Bangkok,BM,Thailand,10110,"142 ถนน สุขุมวิท, Bangkok, BM, Thailand, 10110",,,1731,33399,1991,ShawKwei & Partners (shawkwei.com)
Metalor Technologies SA,570,mining & metals,http://www.metalor.com,http://www.linkedin.com/company/metalor-technologies-sa,https://facebook.com/metalortechnologies/,https://twitter.com/metalor,8 Route des Perveuils,Marin-Epagnier,Neuchatel,Switzerland,2074,"8 Route des Perveuils, Marin-Epagnier, Neuchatel, Switzerland, 2074",'+1 508-699-8800,418000000,3341,33141,1852,田中貴金属工業（株） (tanaka.co.jp)
AVIENT COLORANTS USA LLC,11000,chemicals,http://www.clariant.com,http://www.linkedin.com/company/clariant,https://www.facebook.com/pages/Clariant/146077545551792,https://twitter.com/clariant,61 Hardstrasse,Pratteln,Basel-Landschaft,Switzerland,4133,"61 Hardstrasse, Pratteln, Basel-Landschaft, Switzerland, 4133",'+41 61 469 51 11,4600661000,2869,32599,1995,
Jacobi Group,1800,environmental services,http://www.jacobi.net,http://www.linkedin.com/company/jacobi-carbons,https://facebook.com/jacobicarbonsgroup,https://twitter.com/jacobi_carbons,Sloejdaregatan,,Kalmar laen,Sweden,393 53,"Sloejdaregatan, Kalmar laen, Sweden, 393 53",'+46 480 41 75 50,871500000,2869,32513,1916,
Hotelbeds,5000,"leisure, travel & tourism",http://www.hotelbeds.com,http://www.linkedin.com/company/hotelbeds,https://www.facebook.com/Hotelbeds,https://twitter.com/Hotelbeds,100 Cami de Son Fangos,Palma,Illes Balears,Spain,7007,"100 Cami de Son Fangos, Palma, Illes Balears, Spain, 07007",,2994755000,7389,519,2001,Cinven (cinven.com)
VIU - Universidad Internacional de Valencia,1900,education management,http://www.universidadviu.com,http://www.linkedin.com/school/universidadviu,https://www.facebook.com/UniversidadVIU/,https://twitter.com/UniversidadVIU,21 Calle Pintor Sorolla,Valencia,Valencian Community,Spain,46002,"21 Calle Pintor Sorolla, Valencia, Valencian Community, Spain, 46002",'+34 960 96 81 26,674000,8244,61131,2008,
Ajou University,820,higher education,http://www.ajou.ac.kr,http://www.linkedin.com/school/ajou,,,,Suwon-si,Gyeonggi-do,South Korea,,"Suwon-si, Gyeonggi-do, South Korea",,2000000,8222,61131,1973,
DL Chemical,700,chemicals,http://www.dlchemical.co.kr,http://www.linkedin.com/company/dlchemical,,,,,Seoul,South Korea,110-102,"Seoul, South Korea, 110-102",'+82 2-3708-3000,,2821,32521,1979,
KIST(Korea Institute of Science and Technology),1800,research,http://www.kist.re.kr,http://www.linkedin.com/company/korea-institute-of-science-and-technology,https://facebook.com/Kist1966,https://twitter.com/KistPublic,,,Seoul,South Korea,136-130,"Seoul, South Korea, 136-130",,4913000,8731,,1966,
LOTTE chemical,4700,chemicals,http://www.lottechem.com,http://www.linkedin.com/company/lotte-chemical,https://facebook.com/pages/Lotte-Chemical/464940640228713,,,,Seoul,South Korea,138-226,"Seoul, South Korea, 138-226",'+82 2-829-4114,13848228000,2821,32521,1976,
South African Airways,8200,airlines/aviation,http://www.flysaa.com,http://www.linkedin.com/company/flysaa,https://www.facebook.com/FlySAA,https://twitter.com/flysaa,Jones Road,Kempton Park,Gauteng,South Africa,1627,"Jones Road, Kempton Park, Gauteng, South Africa, 1627",'+27 11 978 2888,395000000,4512,48111,1934,
Sibanye-Stillwater,58000,mining & metals,,http://www.linkedin.com/company/sibanye-stillwater,,,,Westonaria,Gauteng,South Africa,1780,"Westonaria, Gauteng, South Africa, 1780",'+27 11 278 9600,5958132000,1041,21229,2013,
Ithala Development Finance Corporation,620,banking,http://www.ithala.co.za,http://www.linkedin.com/company/ithala-development-corporation-limited,https://www.facebook.com/MyIDFC,,542 Point Rd,Durban,KwaZulu-Natal,South Africa,4001,"542 Point Rd, Durban, KwaZulu-Natal, South Africa, 4001",'+27 31 907 8911,156400000,6712,52232,1959,
Valterra Platinum,20000,mining & metals,http://www.valterraplatinum.com,http://www.linkedin.com/company/valterra-platinum,https://facebook.com/AngloAmericanZA,https://twitter.com/AngloAmericanZA,55 Marshall St,Johannesburg,Gauteng,South Africa,2001,"55 Marshall St, Johannesburg, Gauteng, South Africa, 2001",'+44 20 7968 8888,5813517000,1099,21223,1917,
Implats,40000,mining & metals,http://www.implats.co.za,http://www.linkedin.com/company/impala-platinum,https://facebook.com/implats,https://twitter.com/implats,2 Fricker Rd,Sandton,Gauteng,South Africa,2196,"2 Fricker Rd, Sandton, Gauteng, South Africa, 2196",'+27 11 731 9000,4796586000,1041,21229,1966,
Impala Platinum B.V.,40000,mining & metals,,http://www.linkedin.com/company/impala-platinum-b.v.,https://facebook.com/implats,https://twitter.com/implats,,Sandton,Gauteng,South Africa,2196,"Sandton, Gauteng, South Africa, 2196",'+27 11 731 9000,4796586000,1000,21229,1966,
Royal Bafokeng Platinum Ltd,12000,mining & metals,http://www.bafokengplatinum.co.za,http://www.linkedin.com/company/royal-bafokeng-platinum-ltd,https://facebook.com/rbpmroyal/,https://twitter.com/rbplatarebueng,Montecasino Blvd,,Gauteng,South Africa,2191,"Montecasino Blvd, Gauteng, South Africa, 2191",'+27 10 590 4510,934699000,1021,21229,2009,Impala Platinum B.V.
Anglo Platinum,32000,mining & metals,http://www.angloamerica.com,http://www.linkedin.com/company/anglo-platinum,,,,,,South Africa,,South Africa,,,1021,21229,,
Kanooz Contracting Est,670,information technology & services,http://www.kanooz.com,http://www.linkedin.com/company/kanooz,,,Express Way 1 Road,Al Jubail,Eastern Province,Saudi Arabia,35514,"Express Way 1 Road, Al Jubail, Eastern Province, Saudi Arabia, 35514",'+966 92000043,50000000,1389,23829,1982,
Al-Suwaidi Services Company,750,hospitality,http://www.suwaidi.com,http://www.linkedin.com/company/al-suwaidi-services-company,,,,Dammam,Eastern Province,Saudi Arabia,32244,"Dammam, Eastern Province, Saudi Arabia, 32244",'+966 13 851 9777,,1731,21311,1960,
Almuzain Gulf Saudi Contracting Co.,1300,oil & energy,http://www.almuzain.com,http://www.linkedin.com/company/almuzain,https://www.facebook.com/almuzainofficial,,4451 طريق 114,Al Jubail,Eastern Province,Saudi Arabia,35729,"4451 طريق 114, Al Jubail, Eastern Province, Saudi Arabia, 35729",'+966 13 340 4200,100000000,1389,23829,1996,
Rezayat Group,20000,construction,http://www.rezayat.com,http://www.linkedin.com/company/rezayat-group,https://facebook.com/rezayatgroup,https://twitter.com/rezayatgroup,شارع صلاح الدين الايوبي,Al Khobar,Eastern Province,Saudi Arabia,34434,"شارع صلاح الدين الايوبي, Al Khobar, Eastern Province, Saudi Arabia, 34434",,1000000000,3531,23713,1949,
Prince Sattam bin Abdulaziz University,3100,higher education,http://www.psau.edu.sa,http://www.linkedin.com/school/psau,https://www.facebook.com/PSAUuniversity,,شارع عبدالله بن خميس,Al-Kharj,Riyadh Province,Saudi Arabia,16272,"شارع عبدالله بن خميس, Al-Kharj, Riyadh Province, Saudi Arabia, 16272",'+966 11 588 8888,,8222,61131,2009,
Arabian Pipeline & Services Co. Ltd. (ANABEEB),1900,oil & energy,http://www.anabeeb.com,http://www.linkedin.com/company/anabeeb,https://www.facebook.com/ANABEEBaps,https://twitter.com/ANABEEB_Company,,Dammam,Eastern Province,Saudi Arabia,,"Dammam, Eastern Province, Saudi Arabia",'+966 13 362 0556,559000000,1381,21311,1983,
Plant Tech Arabia Co. Ltd.,530,oil & energy,http://www.planttecharabia.com,http://www.linkedin.com/company/plant-tech-arabia-co-ltd-,,,,Al Jubail,Eastern Province,Saudi Arabia,,"Al Jubail, Eastern Province, Saudi Arabia",'+966 13 340 7455,,1389,81131,2007,
Al Suwaidi Industrial Services Company,1100,oil & energy,,http://www.linkedin.com/company/suwaidi,,,King Saud Bin Abdulaziz Road,Al Khobar,Eastern Province,Saudi Arabia,34225,"King Saud Bin Abdulaziz Road, Al Khobar, Eastern Province, Saudi Arabia, 34225",'+966 13 851 9777,200000000,1731,21311,1960,
"SM Prime Holdings, Inc.",11000,real estate,http://www.smprime.com,http://www.linkedin.com/company/smphi,https://facebook.com/SMPrimeHoldingsOFFICIAL/?ref=py_c,,Seashell Ln,Pasay,Metro Manila,Philippines,1308,"Seashell Ln, Pasay, Metro Manila, Philippines, 1308",'+63 2883 11000,2419385000,6512,53112,1994,SM Investments (sminvestments.com)
Yara International,17000,farming,http://www.yara.com,http://www.linkedin.com/company/yara,https://www.facebook.com/yarainternational,https://twitter.com/yara,131 Drammensveien,,Oslo,Norway,277,"131 Drammensveien, Oslo, Norway, 0277",'+47 24 15 70 00,13807000000,2873,11141,1905,Yara Growth Ventures (yaragrowthventures.com)
Nigerian Content Development and Monitoring Board,560,oil & energy,http://www.ncdmb.gov.ng,http://www.linkedin.com/company/officialncdmb,https://web.facebook.com/officialncdmb,https://twitter.com/officialncdmb,,,Ondo,Nigeria,,"Ondo, Nigeria",'+1 859-254-6589,,9199,92411,2010,
Mourik,630,civil engineering,http://www.mourik.nl,http://www.linkedin.com/company/mourik,https://www.facebook.com/Mourikgroep,https://twitter.com/MourikHolding,67 Voorstraat,Groot-Ammers,Zuid-Holland,Netherlands,2964 AJ,"67 Voorstraat, Groot-Ammers, Zuid-Holland, Netherlands, 2964 AJ",'+31 18 466 7200,870000000,1731,33312,1933,
Nouryon,4500,chemicals,http://www.nouryon.com,http://www.linkedin.com/company/nouryon,https://facebook.com/Nouryon/,https://twitter.com/Nouryon,88 Haaksbergweg,Amsterdam,North Holland,Netherlands,1101 BZ,"88 Haaksbergweg, Amsterdam, North Holland, Netherlands, 1101 BZ",'+31 88 984 1000,5130000000,2869,32599,2018,
Dialog Group Berhad,1900,oil & energy,http://www.dialogasia.com,http://www.linkedin.com/company/dialog-group-berhad,,,16 Jalan PJU 7/5,Petaling Jaya,Selangor,Malaysia,47810,"16 Jalan PJU 7/5, Petaling Jaya, Selangor, Malaysia, 47810",'+1 403-294-1770,593853000,1381,21311,1984,
CAF,610,food & beverages,http://www.cafcafe.com,http://www.linkedin.com/company/cafcafe,,,Khalid Ibn Al-Waleed Street,Kuwait City,Al Asimah Governate,Kuwait,,"Khalid Ibn Al-Waleed Street, Kuwait City, Al Asimah Governate, Kuwait",'+965 2221 6908,4388000000,5812,72251,2015,
Rominserv Kazakhstan,760,oil & energy,http://www.rominserv.com,http://www.linkedin.com/company/rominserv-kazakhstan,,,,Nur-Sultan,Akmola Province,Kazakhstan,10000,"Nur-Sultan, Akmola Province, Kazakhstan, 010000",'+40 21 272 3660,60000000,3531,54133,,
JGC,8900,oil & energy,http://www.jgc.com,http://www.linkedin.com/company/jgc,,,,Yokohama,Kanagawa,Japan,220-6001,"Yokohama, Kanagawa, Japan, 220-6001",'+81 456-82-1111,5756803000,8711,54133,1928,
Takasago International Corporation,4100,chemicals,,http://www.linkedin.com/company/takasago,,,,Ota City,Tokyo,Japan,144-0052,"Ota City, Tokyo, Japan, 144-0052",'+81 357-44-0511,1537731000,2844,32561,1920,
Polynt Group,3000,chemicals,http://www.polynt.com,http://www.linkedin.com/company/polynt-group,https://www.facebook.com/polyntgroup,,51 Via E. Fermi,Scanzorosciate,Lombardia,Italy,24020,"51 Via E. Fermi, Scanzorosciate, Lombardia, Italy, 24020",'+39 035 652111,560000000,2891,32599,1955,
Saras,1600,oil & energy,,http://www.linkedin.com/company/saras,,,2 Galleria Passarella,Milan,Lombardy,Italy,20122,"2 Galleria Passarella, Milan, Lombardy, Italy, 20122",'+39 070 90911,12554030000,2911,32411,1962,
Università degli Studi della Basilicata,860,research,http://www.unibas.it,http://www.linkedin.com/school/unibas-official,,https://twitter.com/UniBasilicata,10 Via dell'Ateneo Lucano,Potenza,Basilicata,Italy,85100,"10 Via dell'Ateneo Lucano, Potenza, Basilicata, Italy, 85100",,,8221,61131,1982,
Behdash Chemical Company,840,chemicals,http://www.behdashco.com,http://www.linkedin.com/company/behdash-chemical-co.,,,,Tehran,Tehran Province,Iran,,"Tehran, Tehran Province, Iran",,,,,1961,
PT Archi Indonesia Tbk,660,mining & metals,http://www.archiindonesia.com,http://www.linkedin.com/company/archiindonesia,,,23 Jalan Dr Ide Anak Agung Gde Agung,Jakarta,Special Capital Region of Jakarta,Indonesia,12950,"23 Jalan Dr Ide Anak Agung Gde Agung, Jakarta, Special Capital Region of Jakarta, Indonesia, 12950",'+62 21 5761719,287618000,1041,21222,2009,
PT Tracon Industri,600,mechanical or industrial engineering,http://www.tracon.co.id,http://www.linkedin.com/company/pt--tracon-industri,,,12 Jalan Raya Pasar Minggu,South Jakarta,Jakarta,Indonesia,12740,"12 Jalan Raya Pasar Minggu, South Jakarta, Jakarta, Indonesia, 12740",'+62 21 7974367,100000000,3531,54133,2001,
Tatva Chintan Pharma Chem Limited,690,chemicals,http://www.tatvachintan.com,http://www.linkedin.com/company/tatva-chintan-pharma-chem-ltd,https://facebook.com/tatvachintan,,Vadsar Road,Vadodara,Gujarat,India,390010,"Vadsar Road, Vadodara, Gujarat, India, 390010",'+91 75748 48533,44800000,2899,32599,1996,
Hindustan Platinum,510,chemicals,http://www.hindustanplatinum.com,http://www.linkedin.com/company/hindustan-platinum,https://www.facebook.com/people/Hindustan-Platinum-Pvt-Ltd/100057058165498/,https://twitter.com/platinumpvt/,,Mumbai,Maharashtra,India,400037,"Mumbai, Maharashtra, India, 400037",'+91 22692 25000,4926000000,3399,33141,1961,
Applied Materials India,1100,semiconductors,,http://www.linkedin.com/company/applied-materials-india,https://www.facebook.com/AppliedMaterialsInc,https://twitter.com/Applied4Tech,Whitefield Road,Bengaluru,Karnataka,India,560066,"Whitefield Road, Bengaluru, Karnataka, India, 560066",'+1 408-235-6390,15275000,,3332,,
Rubamin,920,renewables & environment,http://www.rubamin.com,http://www.linkedin.com/company/rubamin-limited,https://www.facebook.com/RubaminGroup/,https://twitter.com/RubaminGroup,Jetaipura Lane,Vadodara,Gujarat,India,390007,"Jetaipura Lane, Vadodara, Gujarat, India, 390007",'+91 26 5228 2078,299000000,1499,33141,1987,
Clean Harbors India LLP,23000,information technology & services,,http://www.linkedin.com/company/cleanhabors,https://www.facebook.com/CleanHarborsEnvironmental,https://twitter.com/cleanharbors,,Hyderabad,Telangana,India,500081,"Hyderabad, Telangana, India, 500081",'+91 83392 34400,5942342000,4953,56221,1980,
Excel Industries Limited,1100,environmental services,,http://www.linkedin.com/company/excel-industries-limited,,https://twitter.com/excelindltd,102 S V Road,Mumbai,Maharashtra,India,400064,"102 S V Road, Mumbai, Maharashtra, India, 400064",'+91 22 6646 4200,120200000,2869,32599,1941,
Catalyst Corporate Services Pvt. Ltd.,530,outsourcing/offshoring,http://www.catserv.in,http://www.linkedin.com/company/catalyst-corporate-services-pvt.-ltd.,,,,Mumbai,Maharashtra,India,400059,"Mumbai, Maharashtra, India, 400059",,50000000,,,1992,
FICCI,1300,nonprofit organization management,http://www.ficci.in,http://www.linkedin.com/company/ficci,https://www.facebook.com/ficciindia,https://twitter.com/ficci_india,,New Delhi,Delhi,India,110001,"New Delhi, Delhi, India, 110001",'+91 11 237 3876 070,3412000,7389,81391,1927,
Excel Industries Ltd.,1100,chemicals,http://www.excelind.co.in,http://www.linkedin.com/company/excel-industries-ltd.,,https://twitter.com/excelindltd,174 S V Road,Mumbai,Maharashtra,India,400102,"174 S V Road, Mumbai, Maharashtra, India, 400102",'+91 22 6646 4200,114492000,2869,32599,1941,
Alkyl Amines Chemicals Limited,700,chemicals,http://www.alkylamines.com,http://www.linkedin.com/company/alky,https://facebook.com/pages/category/Chemical-Company/ALKYL-Amines-Chemical-Limited-917440255110272/,,401,Navi Mumbai,Maharashtra,India,400703,"401, Navi Mumbai, Maharashtra, India, 400703",'+91 22679 46600,183996000,2869,32519,1979,
CATALYST Service Solutions (formerly known as CSS - Comprehensive Support Services),3500,hospitality,http://www.catalystsolutions.eco,http://www.linkedin.com/company/catalyst-service-solutions-partners-pvt-ltd,,,D P Road,Pune,Maharashtra,India,411007,"D P Road, Pune, Maharashtra, India, 411007",'+91 20485 04000,137700000,8741,56121,2013,
Dishman Carbogen Amcis Ltd,1200,pharmaceuticals,http://www.dishmangroup.com,http://www.linkedin.com/company/imdcal,,,Swastik Cross Road,Ahmedabad,Gujarat,India,380009,"Swastik Cross Road, Ahmedabad, Gujarat, India, 380009",'+91 77252 02294,340438000,2834,32541,1983,
Indian Oil Corporation Limited (Iocl),31000,utilities,,http://www.linkedin.com/company/indian-oil-corporation-limited-iocl-,,,,New Delhi,Delhi,India,,"New Delhi, Delhi, India",,88873006000,2911,32411,,
Dorf Ketal,1100,oil & energy,http://www.dorfketal.com,http://www.linkedin.com/company/dorf-ketal-chemicals-i-pvt--ltd,https://facebook.com/dorfketal/,https://twitter.com/dorfketal,,Mumbai,Maharashtra,India,400064,"Mumbai, Maharashtra, India, 400064",'+91 22429 74777,62000000,2865,32599,1992,
Indian Oil Corp Limited,31000,oil & energy,http://www.iocl.com,http://www.linkedin.com/company/indian-oil-corp-limited,https://facebook.com/IndianOilCorpLimited,https://twitter.com/indianOilcl,3079/3,New Delhi,Delhi,India,110049,"3079/3, New Delhi, Delhi, India, 110049",'+91 1800 233 3555,88873006000,2911,32411,1959,
Zone By The Park,800,hospitality,http://www.zonebythepark.com,http://www.linkedin.com/company/zone-by-the-park,https://www.facebook.com/ZonebyThePark,https://twitter.com/ZonebyThePark,Shankar Market Road,New Delhi,Delhi,India,110001,"Shankar Market Road, New Delhi, Delhi, India, 110001",'+91 1800 123 9663,,7011,72111,2011,
Galaxy Surfactants Limited,1800,chemicals,http://www.galaxysurfactants.com,http://www.linkedin.com/company/galaxysurfactantslimited,,,C-48-3,Navi Mumbai,Maharashtra,India,400705,"C-48-3, Navi Mumbai, Maharashtra, India, 400705",'+91 22 6513 4444,494421000,2841,32561,1980,
Innovassynth,650,chemicals,http://www.innovassynth.com,http://www.linkedin.com/company/innovassynth-technologies-i-ltd-,,,Hinjewadi Phase 2 Road,Mulshi,Maharashtra,India,411057,"Hinjewadi Phase 2 Road, Mulshi, Maharashtra, India, 411057",'+91 21922 60100,,2834,32541,1964,
Zimplats,4000,mining & metals,http://www.zimplats.com,http://www.linkedin.com/company/zimplats-mining,https://facebook.com/Zimplats/,,Elizabeth House,Saint Peter Port,Saint Peter Port,Guernsey,GY1 2,"Elizabeth House, Saint Peter Port, Saint Peter Port, Guernsey, GY1 2",'+44 14 8170 0300,540392000,1021,21229,1998,
EKATO GROUP,900,machinery,http://www.ekato.com,http://www.linkedin.com/company/ekato-corporation_2,https://facebook.com/ekatogroup,,37 Hohe-Flum-Strasse,Schopfheim,Baden-Wuerttemberg,Germany,79650,"37 Hohe-Flum-Strasse, Schopfheim, Baden-Wuerttemberg, Germany, 79650",'+49 7622 290,351000000,5531,33361,1933,
BASF,112000,chemicals,http://www.basf.com,http://www.linkedin.com/company/basf,https://www.facebook.com/basf,https://twitter.com/BASF,38 Carl-Bosch-Strasse,Ludwigshafen am Rhein,Rheinland-Pfalz,Germany,67063,"38 Carl-Bosch-Strasse, Ludwigshafen am Rhein, Rheinland-Pfalz, Germany, 67063",'+49 621 600,67990285000,2869,32519,1865,
allnex,4000,chemicals,http://www.allnex.com,http://www.linkedin.com/company/allnex,https://facebook.com/pages/Allnex/473722846065010,https://twitter.com/allnexresins,The Squaire,Frankfurt,Hesse,Germany,60549,"The Squaire, Frankfurt, Hesse, Germany, 60549",'+49 69 643571020,2400000000,2821,32551,2013,GC (pttgcgroup.com)
Heraeus,17000,chemicals,http://www.heraeus-group.com,http://www.linkedin.com/company/heraeus,,,12 Heraeusstrasse,Hanau,Hessen,Germany,63450,"12 Heraeusstrasse, Hanau, Hessen, Germany, 63450",,22920000000,3399,33141,1851,
WeylChem Group of Companies,2200,chemicals,,http://www.linkedin.com/company/weylchem-group,https://facebook.com/Weylchem-416074155152494/,https://twitter.com/weylchem,32 Alt-Fechenheim,Frankfurt,Hesse,Germany,60386,"32 Alt-Fechenheim, Frankfurt, Hesse, Germany, 60386",'+49 69 5068202223,498000000,2899,32519,2005,
Forschungszentrum Jülich,2200,research,http://www.fz-juelich.de,http://www.linkedin.com/company/forschungszentrum-julich,,https://twitter.com/fz_juelich,Wilhelm-Johnen-Strasse,Juelich,North Rhine-Westphalia,Germany,52428,"Wilhelm-Johnen-Strasse, Juelich, North Rhine-Westphalia, Germany, 52428",'+49 246 1619005,1101000000,8731,54171,1956,
Heraeus Precious Metals,3000,chemicals,http://www.heraeus-precious-metals.com,http://www.linkedin.com/company/heraeus-precious-metals,,,,Hanau,Hesse,Germany,,"Hanau, Hesse, Germany",'+49 618 1355390,29734000000,3399,33141,,
Merck Life Science,62000,research,http://www.sigmaaldrich.com,http://www.linkedin.com/company/merck-life-science,https://facebook.com/Merck.lifescience,https://twitter.com/Merck_lifesci,250 Frankfurter Strasse,Darmstadt,Hesse,Germany,64293,"250 Frankfurter Strasse, Darmstadt, Hesse, Germany, 64293",'+49 6151 720,2785000000,8731,32541,1975,Merck Group (merckgroup.com)
EVONIK INDIA PVT LTD.,34000,chemicals,http://www.evonik.com,http://www.linkedin.com/company/evonik,https://www.facebook.com/Evonik,https://twitter.com/evonik,1-11 Rellinghauser Strasse,Essen,Nordrhein-Westfalen,Germany,45128,"1-11 Rellinghauser Strasse, Essen, Nordrhein-Westfalen, Germany, 45128",'+49 201 17701,15791124000,2899,32599,2007,
SODI Maintenance et Services Industriels,1500,machinery,http://www.sodi.fr,http://www.linkedin.com/company/sodi-maintenance-industrielle,,,,Chateauneuf-les-Martigues,Provence-Alpes-Cote d'Azur,France,13220,"Chateauneuf-les-Martigues, Provence-Alpes-Cote d'Azur, France, 13220",,257000000,1799,56121,,
Axens,2200,oil & energy,http://www.axens.net,http://www.linkedin.com/company/axens,,https://twitter.com/AxensGroup,89 Boulevard Franklin Roosevelt,Rueil-Malmaison,Ile-de-France,France,92500,"89 Boulevard Franklin Roosevelt, Rueil-Malmaison, Ile-de-France, France, 92500",,175000000,3531,32411,2001,
IFP Energies nouvelles,1600,research,http://www.ifpenergiesnouvelles.fr,http://www.linkedin.com/company/ifpen,https://facebook.com/wildcattechno,,4 Avenue du Bois Preau,Rueil-Malmaison,Ile-de-France,France,92500,"4 Avenue du Bois Preau, Rueil-Malmaison, Ile-de-France, France, 92500",'+33 1 47 52 60 00,,8731,54171,1944,IFP Energies nouvelles (ifpenergiesnouvelles.com)
Imerys,13000,mining & metals,http://www.imerys.com,http://www.linkedin.com/company/imerys,https://facebook.com/imerysgroup/,https://twitter.com/imerys,43 Quai de Grenelle,Paris,Ile-de-France,France,75015,"43 Quai de Grenelle, Paris, Ile-de-France, France, 75015",'+33 1 49 55 63 00,3755718000,1499,21239,1880,
SEPPIC,550,chemicals,http://www.seppic.com,http://www.linkedin.com/company/seppic,https://facebook.com/pages/Seppic/189899974361509,https://twitter.com/SEPPIC,50 Boulevard National,La Garenne-Colombes,Ile-de-France,France,92250,"50 Boulevard National, La Garenne-Colombes, Ile-de-France, France, 92250",'+33 1 42 91 40 00,350000000,2899,32599,1943,
De Dietrich,1400,machinery,http://www.dedietrich.com,http://www.linkedin.com/company/dedietrichgroup,,,Route de Reichshoffen,Niederbronn-les-Bains,Grand Est,France,67110,"Route de Reichshoffen, Niederbronn-les-Bains, Grand Est, France, 67110",'+1 908-317-2585,,,33324,1684,
Erasteel,510,mechanical or industrial engineering,http://www.erasteel.com,http://www.linkedin.com/company/erasteel,,https://twitter.com/Erasteel,100 Avenue de Suffren,Paris,Ile-de-France,France,75015,"100 Avenue de Suffren, Paris, Ile-de-France, France, 75015",'+1 973-335-8400,299000000,3399,33122,1992,Syntagma Capital (syntagmacapital.com)
Metropolia University of Applied Sciences,1200,higher education,http://www.metropolia.fi,http://www.linkedin.com/school/metropolia-university-of-applied-sciences,https://facebook.com/metropoliaamk,https://twitter.com/metropolia,1 Myllypurontie,Helsinki,Uusimaa,Finland,920,"1 Myllypurontie, Helsinki, Uusimaa, Finland, 00920",'+358 97 4245000,140000000,8222,61131,2008,
The Egyptian Ethylene & Derivatives Company - ETHYDCO,570,oil & energy,http://www.ethydco-eg.com,http://www.linkedin.com/company/the-egyptian-ethylene-&-derivatives-company---ethydco,,,Cairo - Alexandria Desert Road,,Alexandria Governorate,Egypt,,"Cairo - Alexandria Desert Road, Alexandria Governorate, Egypt",'+20 3 4631200,214000000,2869,32521,2011,
"UAS LABS, LLC.",10000,research,http://www.novonesis.com,http://www.linkedin.com/company/novonesis,,,36 Krogshojvej,Bagsvaerd,Capital Region of Denmark,Denmark,2880,"36 Krogshojvej, Bagsvaerd, Capital Region of Denmark, Denmark, 2880",,,2834,32519,,
HALDOR TOPSOE A/S,2900,chemicals,http://www.topsoe.com,http://www.linkedin.com/company/topsoe,https://www.facebook.com/TopsoeOfficial,https://twitter.com/Topsoe_official,1 Haldor Topsoes Alle,Lyngby,Capital Region of Denmark,Denmark,2800,"1 Haldor Topsoes Alle, Lyngby, Capital Region of Denmark, Denmark, 2800",'+45 45 27 20 00,1218000000,3531,32512,1940,
Novozymes,11000,research,http://www.novozymes.com,http://www.linkedin.com/company/novozymes,https://facebook.com/Novozymes,https://twitter.com/Novozymes,36 Krogshojvej,Bagsvaerd,Capital Region of Denmark,Denmark,2880,"36 Krogshojvej, Bagsvaerd, Capital Region of Denmark, Denmark, 2880",'+45 44 46 00 00,535528000,2834,32519,2000,
Dinex Group,510,automotive,http://www.dinex.eu,http://www.linkedin.com/company/dinex-as,,,39 Fynsvej,Middelfart,Region Syddanmark,Denmark,5500,"39 Fynsvej, Middelfart, Region Syddanmark, Denmark, 5500",'+45 63 41 25 00,15000000,3711,33639,1982,
Tharisa,2500,mining & metals,http://www.tharisa.com,http://www.linkedin.com/company/tharisa-limited,https://facebook.com/TharisaOfficial/,https://twitter.com/tharisa_sa?ref_src=twsrc%5Etfw,7 Οδός Κιλκίς,Paphos,Paphos,Cyprus,8011,"7 Οδός Κιλκίς, Paphos, Paphos, Cyprus, 8011",'+27 11 996 3500,721394000,1099,21229,2008,
"Beijing Jingyuntong Technology Co., Ltd.",2300,transportation/trucking/railroad,http://www.jingyuntong.com,http://www.linkedin.com/company/beijing-jingyuntong-technology-co-ltd-,,,Jing Hai Lu,,Beijing Shi,China,,"Jing Hai Lu, Beijing Shi, China",'+86 10 8080 3016,450427000,3531,33361,,
Sunresin,1600,chemicals,http://www.seplite.com,http://www.linkedin.com/company/sunresin,https://www.facebook.com/Sunresin/,https://twitter.com/sunresin,62 Keji 2nd Road,Xian Shi,Shaanxi Sheng,China,,"62 Keji 2nd Road, Xian Shi, Shaanxi Sheng, China",'+86 29 8918 2091,349900000,2899,32599,2001,
"Tongxing Environmental Protection Technology Co., Ltd.",650,environmental services,http://www.tonexus.com,http://www.linkedin.com/company/tonexus1,https://www.facebook.com/people/Tongxing-Environmental-Protection-Technology-Co-Ltd/61576956015654/,,,Hefei,Anhui,China,,"Hefei, Anhui, China",'+86 400 116 9158,99229000,,33361,2006,
"Hualu Engineering&Technology Co., Ltd.",3000,oil & energy,http://www.chinahualueng.com,http://www.linkedin.com/company/%e5%8d%8e%e9%99%86%e5%b7%a5%e7%a8%8b%e7%a7%91%e6%8a%80%e6%9c%89%e9%99%90%e8%b4%a3%e4%bb%bb%e5%85%ac%e5%8f%b8,,,,Xi'an,Shaanxi,China,,"Xi'an, Shaanxi, China",'+86 29 8798 8000,,3531,23713,1965,
"Anhui Yuanchen Environmental Protection  Science & Technology Co.,LTD",510,environmental services,http://www.shychb.com,http://www.linkedin.com/company/anhui-yuanchen-environmental-protection-science-technology-co-ltd,,,,Hefei,,China,231500,"Hefei, China, 231500",'+86 400 833 2880,86263000,3829,33399,2005,
Lopal_China,4200,chemicals,http://www.lopal.cn,http://www.linkedin.com/company/lopaltech,,,,Nanjing,Jiangsu,China,,"Nanjing, Jiangsu, China",,1076848000,3699,32599,2003,
Tongxing Environmental Protection Technology Co Ltd,650,,http://www.ahtxhb.com,,,,,Hefei,Anhui,China,,"Hefei, Anhui, China",'+86 400 116 9158,114454000,3829,,2006,
"Brother Enterprises Holding Co., Ltd.",3100,chemicals,http://www.brother.com.cn,http://www.linkedin.com/company/brother-enterprises-holding-co-ltd-,,,Xue Lin Jie,Jiaxing Shi,Zhejiang Sheng,China,,"Xue Lin Jie, Jiaxing Shi, Zhejiang Sheng, China",'+86 573 8701 5331,471470000,2899,32599,1991,
"Liaoning Kelong Fine Chemical Co.,Ltd.",580,chemicals,http://www.kelongchem.com,http://www.linkedin.com/company/liaoning-kelong-fine-chemical-co-ltd,,,Wan He Qi Lu,Liao Yang Shi,Liao Ning Sheng,China,111003,"Wan He Qi Lu, Liao Yang Shi, Liao Ning Sheng, China, 111003",'+86 400 155 5678,86610000,2899,32599,1988,
"Fujian Yuanli Active Carbon Co., Ltd.",1800,chemicals,http://www.yuanlicarbonyl.com,http://www.linkedin.com/company/fujian-yuanli-active-carbon-co-ltd-,,,,,,China,353000,"China, 353000",'+86 187 0607 1617,255898000,2899,33149,1999,
Hebei University,1100,higher education,http://www.hbu.edu.cn,http://www.linkedin.com/school/%e6%b2%b3%e5%8c%97%e5%a4%a7%e5%ad%a6,,,180 五四东路,Bao Ding Shi,He Bei Sheng,China,71051,"180 五四东路, Bao Ding Shi, He Bei Sheng, China, 071051",,,8221,61131,1921,
Nexxo S.A.,1500,construction,http://www.nexxo.cl,http://www.linkedin.com/company/nexxo-s-a-,,,3 Camino Internacional,,Region de Valparaiso,Chile,,"3 Camino Internacional, Region de Valparaiso, Chile",'+56 32 213 3200,,1389,81131,1980,
KEPCO E&C,2100,machinery,http://www.kepco-enc.com,http://www.linkedin.com/company/kepco-e&c,https://facebook.com/kepcoenc,,201 Elgin Street,Saugeen Shores,Ontario,Canada,N0H 0A0,"201 Elgin Street, Saugeen Shores, Ontario, Canada, N0H 0A0",054-421-3114,375083000,4911,22111,1975,
Catalyst Paper,650,paper & forest products,http://www.catalystpaper.com,http://www.linkedin.com/company/catalyst-paper,https://facebook.com/catalystpaper/,https://twitter.com/catalystpaper,3600 Lysander Ln,Richmond,British Columbia,Canada,V7B 1C3,"3600 Lysander Ln, Richmond, British Columbia, Canada, V7B 1C3",'+1 604-247-4400,1500986000,2621,32212,1946,Papercon Canada Holding Corp (paperexcellence.com)
Neo Performance Materials,1800,chemicals,http://www.neomaterials.com,http://www.linkedin.com/company/neo-performance-materials,https://facebook.com/neoperformancematerials,https://twitter.com/neo_materials,121 King St W,Toronto,Ontario,Canada,M5H 3T9,"121 King St W, Toronto, Ontario, Canada, M5H 3T9",'+1 416-367-8588,475828000,3691,33141,2018,Luxfer (luxfer.com)
Tuper S.A.,1800,mining & metals,http://www.tuper.com.br,http://www.linkedin.com/company/arcelormittaltuper,https://facebook.com/grupotuper,https://twitter.com/grupotuper,1441 Avenida Prefeito Ornith Bollmann,Sao Bento do Sul,Santa Catarina,Brazil,89290-000,"1441 Avenida Prefeito Ornith Bollmann, Sao Bento do Sul, Santa Catarina, Brazil, 89290-000",'+55 800 704 5655,616000000,3312,33122,1971,
Hertz,1200,pharmaceuticals,http://www.hertzfoundation.org,http://www.linkedin.com/company/hertzfarma,https://facebook.com/pages/The-Fannie-John-Hertz-Foundation/345993548787387,https://twitter.com/hertzfoundation,224 Rua Comendador Azevedo,Porto Alegre,State of Rio Grande do Sul,Brazil,90220-150,"224 Rua Comendador Azevedo, Porto Alegre, State of Rio Grande do Sul, Brazil, 90220-150",'+55 92 5373-1642,5055000,8731,81321,1947,
IDEXX,11000,research,http://www.idexx.com.br,http://www.linkedin.com/company/idexx-la,https://www.facebook.com/IDEXX,,4300 Avenida Brigadeiro Faria Lima,,Sao Paulo,Brazil,04545-042,"4300 Avenida Brigadeiro Faria Lima, Sao Paulo, Brazil, 04545-042",'+55 87 7433-9948,4037715000,3824,33911,1983,IDEXX (idexx.com)
Umicore,12000,chemicals,http://www.umicore.com,http://www.linkedin.com/company/umicore,https://www.facebook.com/Umicore,https://twitter.com/UmicoreGroup,31 Broekstraat,Brussels,Brussels,Belgium,1000,"31 Broekstraat, Brussels, Brussels, Belgium, 1000",'+1 800-263-1669,15475135000,3691,33141,1805,
BPH Energy,2000,research,http://www.bphenergy.com.au,http://www.linkedin.com/company/bph-energy,https://facebook.com/BPHEnergyLTD,,114 Cedric St,Perth,Western Australia,Australia,6021,"114 Cedric St, Perth, Western Australia, Australia, 6021",'+61 8 9328 8366,546000,1389,21311,2001,
Contract Resources Pty Ltd,780,oil & energy,http://www.contractresources.com,http://www.linkedin.com/company/contract-resources-pty-ltd,,,,Jandakot,Western Australia,Australia,6164,"Jandakot, Western Australia, Australia, 6164",,209000000,1389,56291,1989,
HCF Australia,1600,insurance,http://www.hcf.com.au,http://www.linkedin.com/company/hcf,https://www.facebook.com/hcfaustralia/,https://twitter.com/hcfaustralia,403 George Street,Sydney,New South Wales,Australia,2000,"403 George Street, Sydney, New South Wales, Australia, 2000",'+61 13 13 34,2086000000,6361,52421,1932,
Sinteplast,840,chemicals,http://www.sinteplast.com.ar,http://www.linkedin.com/company/sinteplast,https://www.facebook.com/Sinteplast/,https://twitter.com/Sinteplast,Buenos Aires,Buenos Aires,Ciudad Autonoma de Buenos Aires,Argentina,1812,"Buenos Aires, Buenos Aires, Ciudad Autonoma de Buenos Aires, Argentina, 1812",,309000000,2851,32551,1958,
