Company,City,State,Phone,Website,LinkedIn,Natoli Fit,Territory,Sales Rep,Industry,Confidence,Reason,503A,503B,GMP Likely,FDA Likely,Industry Match,Email_Subject,LinkedIn_Opening,Natoli_Angle,Press_OEM,Probable_Defects,Production_Stage,Tooling_Class
CBD Living,Corona,CA,-5399,https://cbdliving.com,https://linkedin.com/company/cbd-living,Both,West Coast,Fernando Delgado,cbd tablet manufacturing,100,Produces high-quality CBD tablets requiring both manufacturing equipment and formulation expertise,,,,,Yes,Enhancing Your CBD Tablet Production,"Hi, I noticed your work in CBD tablet manufacturing. I'd love to connect and discuss industry insights!",Discussing tooling options for CBD formulations.,Fette,"sticking, weight variation, capping",Scale-up,D
Premium Jane,Scottsdale,AZ,-6194,https://premiumjane.com,https://linkedin.com/company/premium-jane,Both,Rocky Mountain,Eric Maughan,cbd tablet manufacturing,100,"Manufactures CBD tablets, needing quality tablet presses and formulation services",,,,,Yes,Optimize Your CBD Tablet Production,"Hi, I noticed Premium Jane's focus on CBD tablets. I'd love to connect and discuss potential improvements in your tablet manufacturing process.",Discussing tooling options for CBD formulations.,Fette,"weight variation, capping, sticking",Scale-up,D
Koi CBD,Norwalk,CA,-6429,https://koicbd.com,https://linkedin.com/company/koi-cbd,Both,West Coast,Fernando Delgado,cbd tablet manufacturing,100,"Produces CBD tablets, necessitating advanced manufacturing and formulation solutions",,,,,Yes,Enhance Your CBD Tablet Production,"Hi, I noticed Koi CBD's innovative approach to CBD tablets. I'd love to connect and discuss potential improvements in your tablet manufacturing process.",Discussing tooling options for CBD formulations to enhance consistency.,Fette,"weight variation, capping, sticking",Scale-up,D
CBD Essence,Saint Petersburg,FL,-3426,https://cbdessence.net,https://linkedin.com/company/cbd-essence,Both,Southeast,Danny Ambrose,cbd tablet manufacturing,100,"Manufactures CBD tablets, requiring efficient tablet press solutions and formulation expertise",,,,,Yes,Optimizing Your CBD Tablet Production,"Hi, I noticed your work in CBD tablet manufacturing and would love to connect and share insights on optimizing tablet production.",Discussing tooling options for CBD formulations.,Fette,"weight variation, capping, sticking",Scale-up,D
CBD Pure,Vancouver,WA,-10923,https://cbdpure.com,https://linkedin.com/company/cbd-pure,Both,West Coast,Fernando Delgado,cbd tablet manufacturing,100,"Produces high-quality CBD tablets, needing advanced manufacturing and formulation capabilities",,,,,Yes,Optimizing Your CBD Tablet Production,"Hi, I see you're in CBD tablet manufacturing. I'd love to connect and discuss potential improvements in your tablet production process.",Discussing tooling options for CBD formulations,Fette,"sticking, weight variation, capping",Scale-up,D
Pharmachem Laboratories,Kearny,NJ,-1934,https://pharmachemlabs.com,https://linkedin.com/company/pharmachem-laboratories,Both,Northeast,Raffaele Romano,keto supplement tablets,100,Provides custom manufacturing for nutritional supplements including tablets,,,,,Yes,Enhancing Your Tablet Production Efficiency,"Hi, I see you're in keto supplements. I'd love to connect and discuss tablet production solutions that could benefit Pharmachem.",Discussing tooling options for optimizing tablet consistency.,Fette,"weight variation, capping, sticking",Commercial,D
Ridgecrest Herbals,Salt Lake City,UT,-5690,https://rcherbals.com,https://linkedin.com/company/ridgecrest-herbals,Both,Rocky Mountain,Eric Maughan,immune booster tablets,100,Produces herbal supplements including those for immune health,,,,,,Enhancing Your Tablet Production Efficiency,"Hi, I noticed Ridgecrest Herbals focuses on immune boosters. I'd love to connect and discuss tablet production solutions.",Discussing tooling options for immune booster formulations.,Fette,"weight variation, capping, sticking",Scale-up,D
"NutraBio Labs, Inc.",Middlesex,NJ,-10085,https://nutrabio.com,https://linkedin.com/company/nutrabio,Both,Northeast,Raffaele Romano,energy supplement tablets,100,"Produces high-quality dietary supplements, including energy products.",,,,,Yes,Optimize Your Tablet Production Process,"Hi, I noticed NutraBio Labs focuses on energy supplements. I'd love to connect and discuss tablet manufacturing solutions.",Discussing tooling options for energy supplement formulations.,Fette,"weight variation, capping, sticking",Commercial,D
Bio-Tech Pharmacal,Fayetteville,AR,-10069,https://biotechpharmacal.com,https://linkedin.com/company/bio-tech-pharmacal,Both,Central,David Nelson,joint health tablets,100,Manufactures high-quality dietary supplements,,,,,,Enhancing Joint Health Tablet Production,"Hi, I noticed Bio-Tech Pharmacal's focus on joint health. I'd love to connect and discuss tablet manufacturing solutions.",Discussing tooling options for optimizing tablet consistency.,Fette,"weight variation, capping, sticking",Commercial,D
Neurohacker Collective,Carlsbad,CA,-3463,https://neurohacker.com,https://linkedin.com/company/neurohacker-collective,Both,West Coast,Fernando Delgado,brain health tablets,100,They produce brain health supplements and require advanced tooling and formulations.,,,,,,Enhancing Tablet Consistency for Brain Health,"Hi, I admire Neurohacker's focus on brain health. I'd love to connect and discuss tablet manufacturing solutions.",Discussing tooling options for optimizing tablet consistency.,Fette,"weight variation, capping, sticking",Scale-up,D
BrainMD Health,Costa Mesa,CA,-7024,https://brainmd.com,https://linkedin.com/company/brainmd-health,Both,West Coast,Fernando Delgado,brain health tablets,100,They manufacture brain health supplements and require specialized tooling and formulations.,,,,,,Enhancing Tablet Quality for Brain Health,"Hi, I admire BrainMD's focus on brain health. I'd love to connect and discuss tablet manufacturing solutions.",Discussing tooling options for consistent tablet quality.,Fette,"weight variation, capping, sticking",Commercial,D
Nootropics Depot,Tempe,AZ,-10187,https://nootropicsdepot.com,https://linkedin.com/company/nootropics-depot,Both,Rocky Mountain,Eric Maughan,brain health tablets,100,"They specialize in cognitive supplements, requiring advanced formulation and manufacturing.",,,,,,Enhancing Your Tablet Production Efficiency,"Hi, I see you're focused on brain health tablets. I'd love to connect and discuss tablet manufacturing solutions.",Discussing tooling options for consistent tablet weight and quality.,"Fette, Korsch","weight variation, capping, sticking",Commercial,D
Kerry Group,Beloit,WI,-2170,https://kerrygroup.com,https://linkedin.com/company/kerry-group,Both,Central,David Nelson,nutraceutical tablet manufacturing,100,Involved in the manufacturing and formulation of nutraceuticals,,,,,Yes,Enhancing Your Tablet Production Efficiency,"Hi, I noticed Kerry Group's focus on nutraceuticals. I'd love to connect and discuss tablet manufacturing solutions.",Discussing tooling options for optimizing tablet consistency and reducing defects.,"Fette, Korsch, IMA","weight variation, capping, sticking",Commercial,D
Vitamix Laboratories,Commack,NY,-9623,https://vitamixlabs.com,https://linkedin.com/company/vitamix-laboratories,Both,Northeast,Raffaele Romano,nutraceutical tablet manufacturing,100,Custom manufacturer of dietary and nutritional supplements,,,,,Yes,Enhancing Your Tablet Production Efficiency,"Hi, I noticed Vitamix's focus on nutraceuticals. I'd love to connect and discuss tablet manufacturing solutions.",Discussing tooling options for improved tablet consistency.,"Fette, Korsch","capping, sticking, weight variation",Commercial,D
Battery Streak,Camarillo,CA,-1806,https://batterystreak.com,https://linkedin.com/company/battery-streak,Scientific,West Coast,Fernando Delgado,battery electrode manufacturing,90,Develops fast-charging battery technology,,,,,Yes,Exploring Custom Tooling Solutions,"Hi, I noticed your work in battery electrode manufacturing. I'd love to connect and discuss potential innovations in tablet production.",Discussing custom tooling solutions for unique formulations.,"Fette, Korsch","Weight variation, capping, sticking",R&D,Custom
Black Diamond Structures,Austin,TX,-6258,https://bdstructures.com,https://linkedin.com/company/black-diamond-structures,Scientific,Central,David Nelson,battery electrode manufacturing,90,Focuses on nanomaterials for energy storage,,,,,Yes,Exploring Custom Tooling Solutions,"Hi, I noticed your work in battery electrode manufacturing. I'd love to connect and discuss potential synergies in tablet production.",Discussing custom tooling solutions for unique formulations.,"Fette, Korsch","Weight variation, capping",R&D,Custom
Natrion,Binghamton,NY,,https://natrion.co,https://linkedin.com/company/natrion-co,Scientific,Northeast,Raffaele Romano,battery electrode manufacturing,80,Innovates solid-state battery materials,,,,,Yes,Enhancing Your Tablet Production Process,"Hi, I noticed your work in battery electrode manufacturing. I'd love to connect and discuss potential synergies in tablet production.",Discussing custom tooling solutions for unique formulations.,"Fette, Korsch","Weight variation, capping, sticking",R&D,Custom
Sepion Technologies,Alameda,CA,-5742,https://sepiontechnologies.com,https://linkedin.com/company/sepion-technologies,Scientific,West Coast,Fernando Delgado,battery electrode manufacturing,90,Specializes in membrane technology for batteries,,,,,Yes,Enhancing Your Tablet Production Efficiency,"Hi, I see you're innovating in battery electrode manufacturing. I'd love to connect and discuss tablet production solutions.",Discussing custom tooling solutions for unique formulations.,Fette,"Weight variation, capping, sticking",R&D,Custom
NOHMs Technologies,Rochester,NY,-10428,https://nohmstech.com,https://linkedin.com/company/nohms-technologies,Scientific,Northeast,Raffaele Romano,battery electrode manufacturing,90,Develops advanced battery electrolytes,,,,,Yes,Enhancing Your Tablet Production Process,"Hi, I noticed your work in battery electrode manufacturing. I'd love to connect and discuss potential synergies in tablet production.",Discussing custom tooling solutions for unique formulations.,Korsch,"Weight variation, capping, sticking",R&D,Custom
ZincFive,Tualatin,OR,-4418,https://zincfive.com,https://linkedin.com/company/zincfive,Scientific,West Coast,Fernando Delgado,battery electrode manufacturing,90,Creates nickel-zinc battery solutions,,,,,Yes,Enhancing Your Tablet Production Efficiency,"Hi, I noticed your work at ZincFive. I'd love to connect and discuss tablet manufacturing solutions that could support your innovations.",Discussing custom tooling solutions for unique formulations.,"Fette, Korsch","Weight variation, capping, sticking",R&D,Custom
Natron Energy,Santa Clara,CA,-6262,https://natron.energy,https://linkedin.com/company/natron-energy,Scientific,West Coast,Fernando Delgado,battery electrode manufacturing,90,Develops sodium-ion battery technology,,,,,Yes,Exploring Custom Tooling Solutions,"Hi, I noticed your work at Natron Energy. I'd love to connect and discuss innovative solutions for your tablet manufacturing needs.",Discussing custom tooling solutions for unique formulations.,Korsch,"weight variation, capping, sticking",R&D,Custom
Battery Resourcers,Worcester,MA,-4516,https://batteryresourcers.com,https://linkedin.com/company/battery-resourcers,Scientific,Northeast,Raffaele Romano,battery electrode manufacturing,90,Focuses on lithium-ion battery recycling and materials,,,,,Yes,Enhancing Your Tablet Production Process,"Hi, I see Battery Resourcers is innovating in electrode manufacturing. I'd love to connect and discuss tablet production insights.",Discussing custom tooling solutions for unique formulations.,IMA,"weight variation, capping, sticking",R&D,Custom
"Lithion Battery, Inc.",Henderson,NV,-4769,https://lithionbattery.com,https://linkedin.com/company/lithion-battery-inc,Engineering,Rocky Mountain,Eric Maughan,lithium ion battery materials,90,"Manufactures lithium-ion cells, needing precise engineering solutions",,,,,Yes,Enhancing Your Tablet Production Process,"Hi, I noticed Lithion Battery's innovative work in battery materials. I'd love to connect and discuss tablet manufacturing solutions.",Discussing custom tooling solutions for unique material properties.,IMA,"weight variation, capping, sticking",R&D,Custom
"KULR Technology Group, Inc.",San Diego,CA,-6317,https://kulrtechnology.com,https://linkedin.com/company/kulr-technology-group-inc,Engineering,West Coast,Fernando Delgado,lithium ion battery materials,90,"Develops thermal management solutions for batteries, needing engineering expertise",,,,,Yes,Exploring Custom Tooling Solutions,"Hi, I noticed KULR's innovative work in battery materials. I'd love to connect and discuss tablet manufacturing solutions.",Discussing custom tooling solutions for unique formulations.,IMA,"weight variation, capping, sticking",R&D,Custom
Ionic Materials,Woburn,MA,-7259,https://ionicmaterials.com,https://linkedin.com/company/ionic-materials,Scientific,Northeast,Raffaele Romano,solid state battery manufacturing,90,Developing solid polymer electrolyte for batteries,,,,,Yes,Exploring Custom Tooling Solutions,"Hi, I noticed your work in solid state batteries. I'd love to connect and discuss innovative solutions in tablet manufacturing.",Discussing custom tooling solutions for unique formulations.,IMA,"Weight variation, capping, sticking",R&D,Custom
Sakti3,Ann Arbor,MI,,https://sakti3.com,,Scientific,Central,David Nelson,solid state battery manufacturing,75,Develops solid-state battery technology for enhanced energy storage,,,,,Yes,Exploring Custom Tooling Solutions,"Hi, I noticed your work at Sakti3. I'd love to connect and discuss innovative solutions in solid-state manufacturing.",Discussing custom tooling solutions for unique formulations.,IMA,"Weight variation, capping, sticking",R&D,Custom
"Prieto Battery, Inc.",Fort Collins,CO,-2998,https://prietobattery.com,https://linkedin.com/company/prieto-battery,Scientific,Rocky Mountain,Eric Maughan,solid state battery manufacturing,90,Develops 3D solid-state battery technology,,,,,Yes,Enhancing Your Tablet Production Process,"Hi, I see you're innovating in solid state batteries. I'd love to connect and discuss tablet manufacturing solutions.",Discussing custom tooling solutions for unique formulations.,Fette,"Weight variation, capping, sticking",R&D,Custom
StoreDot,San Francisco,CA,,https://storedot.com,https://linkedin.com/company/storedot-battery,Scientific,West Coast,Fernando Delgado,solid state battery manufacturing,80,Developing fast-charging battery technology with potential solid-state integration,,,,,Yes,Exploring Custom Tooling Solutions,"Hi, I noticed your work in solid state batteries. I'd love to connect and discuss innovative solutions in tablet manufacturing.",Discussing custom tooling solutions for unique formulations.,IMA,"Weight variation, sticking",R&D,Custom
"EnPower, Inc.",Phoenix,AZ,-4774,https://enpowerinc.com,https://linkedin.com/company/enpower-inc,Scientific,Rocky Mountain,Eric Maughan,solid state battery manufacturing,90,"Develops advanced batteries focusing on energy density and safety, relevant for solid-state technology",,,,,Yes,Enhancing Your Tablet Production Process,"Hi, I see you're innovating in solid state batteries. I'd love to connect and discuss tablet manufacturing solutions.",Discussing custom tooling solutions for unique formulations.,IMA,"Weight variation, capping, sticking",R&D,Custom
"Celgard, LLC",Charlotte,NC,-6601,https://celgard.com,https://linkedin.com/company/celgard,Scientific,Southeast,Danny Ambrose,solid state battery manufacturing,90,"Supplies separators for lithium-ion batteries, exploring solid-state applications",,,,,Yes,Exploring Custom Tooling Solutions,"Hi, I noticed your work in solid state batteries. I'd love to connect and discuss innovative tooling solutions for your R&D efforts.",Discussing custom tooling solutions for unique formulations.,"Fette, Korsch","Weight variation, capping, sticking",R&D,Custom
ProLogium Technology,Fremont,CA,,https://prologium.com,https://linkedin.com/company/prologium-technology,Scientific,West Coast,Fernando Delgado,solid state battery manufacturing,80,Specializes in solid-state battery manufacturing,,,,,Yes,Enhancing Your Tablet Production Process,"Hi, I see you're innovating in solid state batteries. I'd love to connect and discuss tablet manufacturing solutions.",Discussing custom tooling solutions for unique formulations.,"Fette, Korsch","Weight variation, capping, sticking",R&D,Custom
Northvolt,Palo Alto,CA,,https://northvolt.com,https://linkedin.com/company/northvolt,Scientific,West Coast,Fernando Delgado,solid state battery manufacturing,80,Developing sustainable battery solutions with solid-state potential,,,,,Yes,Enhancing Your Tablet Production Process,"Hi, I noticed your work in solid state batteries. I'd love to connect and discuss innovations in tablet manufacturing.",Discussing custom tooling solutions for unique formulations.,IMA,"Weight variation, capping",R&D,Custom
"Actnano, Inc.",Cambridge,MA,-3891,https://actnano.com,https://linkedin.com/company/actnano,Scientific,Northeast,Raffaele Romano,solid state battery manufacturing,90,"Provides advanced coatings for electronics, applicable in solid-state battery protection",,,,,Yes,Enhancing Your Tablet Production Process,"Hi, I noticed your work in solid state batteries. I'd love to connect and discuss potential innovations in tablet manufacturing.",Discussing custom tooling solutions for unique formulations.,Fette,"Weight variation, capping, sticking",R&D,Custom
FirstEnergy Solutions Corp.,Akron,OH,-4937,https://firstenergycorp.com,https://linkedin.com/company/firstenergy,Both,Central,David Nelson,nuclear fuel pellet manufacturing,100,Operates nuclear power facilities,,,,,Yes,Enhancing Your Tablet Production Efficiency,"Hi, I noticed your work in nuclear fuel manufacturing. I'd love to connect and discuss tablet production solutions.",Discussing custom tooling solutions for unique pellet shapes.,"IMA, Stokes","Weight variation, capping, sticking",Commercial,Custom
Florida Power & Light Company,Juno Beach,FL,-5254,https://fpl.com,https://linkedin.com/company/florida-power-&-light-company,Both,Southeast,Danny Ambrose,nuclear fuel pellet manufacturing,100,Utilizes nuclear energy for electricity generation,,,,,Yes,Enhancing Your Tablet Production Efficiency,"Hi, I noticed your work in nuclear fuel manufacturing. I'd love to connect and discuss tablet production efficiencies.",Discussing custom tooling solutions for unique formulations.,IMA,"Weight variation, capping, sticking",Commercial,Custom
Arizona Public Service Company,Phoenix,AZ,-8143,https://aps.com,https://linkedin.com/company/arizona-public-service-aps,Both,Rocky Mountain,Eric Maughan,nuclear fuel pellet manufacturing,100,Operates nuclear power plants,,,,,Yes,Enhancing Your Tablet Production Efficiency,"Hi, I noticed your work in nuclear fuel manufacturing. I'd love to connect and discuss tablet production insights.",Discussing custom tooling solutions for unique formulations.,Fette,"Weight variation, capping, sticking",Commercial,Custom
"NextEra Energy, Inc.",Juno Beach,FL,-5254,https://nexteraenergy.com,https://linkedin.com/company/nextera-energy-inc,Both,Southeast,Danny Ambrose,nuclear fuel pellet manufacturing,100,Engages in nuclear energy production,,,,,Yes,Enhancing Your Tablet Production Efficiency,"Hi, I noticed your work in nuclear fuel manufacturing. I'd love to connect and discuss tablet production solutions that could benefit your processes.",Discussing custom tooling solutions for unique compaction needs.,Korsch,"Weight variation, capping, sticking",Commercial,Custom
Public Service Enterprise Group Incorporated,Newark,NJ,-8402,https://pseg.com,https://linkedin.com/company/public-service-enterprise-group-pseg,Both,Northeast,Raffaele Romano,nuclear fuel pellet manufacturing,100,Operates nuclear power plants,,,,,Yes,Enhancing Your Tablet Production Efficiency,"Hi, I noticed your work in nuclear fuel manufacturing. I'd love to connect and discuss tablet production solutions.",Discussing custom tooling solutions for unique formulations.,"Fette, Korsch","Weight variation, capping, sticking",Commercial,Custom
"Membrane Technology and Research, Inc.",Newark,CA,-3205,https://mtrinc.com,https://linkedin.com/company/membrane-technology-and-research-inc,Scientific,West Coast,Fernando Delgado,carbon capture sorbent manufacturing,90,Specializes in membrane-based systems for carbon capture,,,,,,Enhancing Your Tablet Production Process,"Hi, I noticed your work in carbon capture. I'd love to connect and discuss innovative tablet manufacturing solutions.",Discussing custom tooling solutions for unique formulations.,Fette,"Weight variation, capping, sticking",R&D,Custom
Global CCS Institute,Washington,DC,-4362,https://globalccsinstitute.com,https://linkedin.com/company/global-ccs-institute,Scientific,Northeast,Raffaele Romano,carbon capture sorbent manufacturing,90,Focuses on carbon capture and storage solutions,,,,,,Enhancing Your Tablet Production Process,"Hi, I see you're innovating in carbon capture. I'd love to connect and discuss tablet manufacturing solutions that could support your efforts.",Discussing custom tooling solutions for unique formulations.,"Fette, Korsch","weight variation, capping, sticking",R&D,Custom
Shell Global Solutions,Houston,TX,-7114,https://shell.com,https://linkedin.com/company/shell,Both,Central,David Nelson,carbon capture sorbent manufacturing,100,Involved in carbon capture and storage initiatives,,,,,,Enhancing Your Tablet Production Efficiency,"Hi, I noticed your work in carbon capture. I'd love to connect and discuss innovative solutions in tablet manufacturing.",Discussing custom tooling solutions for unique formulations.,IMA,"Weight variation, capping, sticking",R&D,Custom
GE Power,Atlanta,GA,-8321,https://ge.com/power,https://linkedin.com/company/gepower,Engineering,Southeast,Danny Ambrose,carbon capture sorbent manufacturing,90,Develops technologies for carbon capture in power plants,,,,,,Enhancing Your Tablet Production Process,"Hi, I noticed your work in carbon capture. I'd love to connect and discuss tablet manufacturing solutions that could support your innovations.",Discussing custom tooling solutions for unique formulations.,"Fette, Korsch","Weight variation, capping, sticking",R&D,Custom
TAM Ceramics,Niagara Falls,NY,-10393,https://tamceramics.com,https://linkedin.com/company/tam-ceramics,Engineering,Northeast,Raffaele Romano,advanced ceramics manufacturing,90,Produces zirconia and other ceramic materials for industrial use,,,,,Yes,Enhance Your Tablet Production Efficiency,"Hi, I see you're in advanced ceramics. I'd love to connect and discuss innovative solutions for your tablet production needs.",Discussing custom tooling solutions for unique formulations.,Korsch,"Weight variation, capping, sticking",R&D,Custom
Advanced Industrial Ceramics,Portland,OR,-6787,https://advancedindustrialceramics.com,https://linkedin.com/company/advanced-industrial-ceramics,Engineering,West Coast,Fernando Delgado,advanced ceramics manufacturing,90,Specializes in custom ceramic manufacturing requiring precision tooling,,,,,Yes,Optimizing Your Tablet Production,"Hi, I see you're in advanced ceramics. I'd love to connect and discuss tablet production solutions!",Discussing tooling options for advanced ceramics,"Fette, Korsch","weight variation, capping, sticking",Scale-up,D
Elan Technology,Midway,GA,-5317,https://elantechnology.com,https://linkedin.com/company/elan-technology,Engineering,Southeast,Danny Ambrose,advanced ceramics manufacturing,90,Produces glass and ceramic materials requiring specialized presses,,,,,Yes,Enhancing Your Tablet Production Process,"Hi, I noticed your work in advanced ceramics. I'd love to connect and discuss tablet manufacturing solutions.",Discussing custom tooling solutions for advanced materials.,"Fette, Korsch","Weight variation, capping, sticking",R&D,Custom
Orion Industries,Auburn,WA,-8718,https://orionworks.org,https://linkedin.com/company/orion-industries,Engineering,West Coast,Fernando Delgado,advanced ceramics manufacturing,90,Offers manufacturing services including advanced ceramics,,,,,Yes,Enhancing Tablet Quality with Custom Tooling,"Hi, I noticed your work in advanced ceramics. I'd love to connect and discuss innovative solutions in tablet manufacturing.",Discussing custom tooling solutions for advanced materials.,Korsch,"Weight variation, capping, sticking",R&D,Custom
"Applied Ceramics, Inc.",Fremont,CA,-10458,https://appliedceramics.com,https://linkedin.com/company/applied-ceramics-inc,Engineering,West Coast,Fernando Delgado,advanced ceramics manufacturing,90,Produces custom ceramic materials for various industries,,,,,Yes,Enhancing Tablet Production Consistency,"Hi, I noticed your work in advanced ceramics. I'd love to connect and discuss innovations in tablet manufacturing.",Discussing advanced tooling options for improved consistency in tablet production.,"Fette, Korsch","weight variation, capping, sticking",Scale-up,D
Sandvik Materials Technology,Scranton,PA,-1922,https://home.sandvik,https://linkedin.com/company/sandvik,Engineering,Northeast,Raffaele Romano,powder metallurgy manufacturing,90,Produces advanced powders for industrial applications that can be pressed into tablets.,,,,,,Enhancing Your Tablet Production Efficiency,"Hi, I noticed your expertise in powder metallurgy. I'd love to connect and discuss tablet manufacturing solutions.",Discussing tooling solutions for optimizing powder flow and reducing defects.,"Fette, Korsch, IMA","weight variation, capping, sticking",Scale-up,D
Burgess-Norton Mfg. Co.,Geneva,IL,-4961,https://burgessnorton.com,https://linkedin.com/company/burgess-norton-manufacturing-company,Engineering,Central,David Nelson,powder metallurgy manufacturing,90,Produces powder metal products which can require tablet presses.,,,,,,Enhancing Tablet Consistency,"Hi, I see your expertise in powder metallurgy. I'd love to connect and discuss tablet manufacturing solutions.",Discussing tooling options for consistent weight control.,Fette,"weight variation, capping, sticking",Scale-up,D
"PMT, Inc.",Springboro,OH,-3979,https://pmt-inc.com,https://linkedin.com/company/pmt-inc.,Engineering,Central,David Nelson,powder metallurgy manufacturing,90,Specializes in powder metallurgy components that require pressing.,,,,,,Enhancing Tablet Consistency with Natoli,"Hi, I noticed your expertise in powder metallurgy. I'd love to connect and discuss tablet manufacturing solutions.",Discussing tooling solutions for consistent weight control,"Fette, Korsch","weight variation, capping, sticking",Scale-up,D
"Phoenix Sintered Metals, LLC",Brockway,PA,-5478,https://phoenixsintered.com,https://linkedin.com/company/phoenix-sintered-metals-llc,Engineering,Northeast,Raffaele Romano,powder metallurgy manufacturing,90,Manufactures powder metal parts using compaction techniques.,,,,,,Enhance Your Tablet Production Efficiency,"Hi, I noticed your expertise in powder metallurgy. I'd love to connect and discuss tablet production challenges and solutions.",Discussing tooling options for optimizing tablet consistency.,"Fette, Korsch","weight variation, capping, sticking",Scale-up,D
"NetShape Technologies, Inc.",Solon,OH,-2097,https://netshapetech.com,https://linkedin.com/company/netshape-technologies-inc,Engineering,Central,David Nelson,powder metallurgy manufacturing,90,Produces high-precision powder metallurgy components.,,,,,,Enhancing Tablet Quality with Natoli,"Hi, I noticed your expertise in powder metallurgy. I'd love to connect and discuss tablet manufacturing solutions.",Discussing tooling solutions for consistent tablet quality.,"Fette, Korsch","weight variation, capping, sticking",Scale-up,D
"Symmco, Inc.",Sykesville,PA,-4168,https://symmco.com,https://linkedin.com/company/symmco-inc,Engineering,Northeast,Raffaele Romano,powder metallurgy manufacturing,90,Specializes in powder metallurgy parts that require tablet pressing.,,,,,,Enhancing Your Tablet Production Efficiency,"Hi, I noticed your expertise in powder metallurgy. I'd love to connect and discuss tablet manufacturing solutions.",Discussing tooling solutions for consistent weight control.,"Fette, Korsch","weight variation, capping, sticking",Scale-up,D
MEMC Electronic Materials,St. Peters,MO,-6109,https://www.sunedisonsemi.com,https://linkedin.com/company/sunedison,Engineering,Central,David Nelson,semiconductor materials,90,Provides silicon wafers and materials that may require precise compaction tools.,,,,,,Enhancing Your Tablet Production Process,"Hi, I noticed your work in semiconductor materials. I'd love to connect and discuss tablet production insights.",Discussing tooling options for consistent tablet quality.,"Fette, Korsch","weight variation, capping, sticking",R&D,D
Cabot Microelectronics,Aurora,IL,-7635,https://www.cabotcmp.com,https://linkedin.com/company/cabot-microelectronics,Scientific,Central,David Nelson,semiconductor materials,90,"Engaged in research and development of materials, potentially requiring formulation services.",,,,,,Enhancing Your Tablet Production Process,"Hi, I noticed your work in semiconductor materials. I'd love to connect and discuss potential synergies in tablet manufacturing.",Discussing custom tooling solutions for unique formulations.,"Fette, Korsch","Weight variation, capping, sticking",R&D,Custom
Hemlock Semiconductor,Hemlock,MI,-2634,https://www.hscpoly.com,https://linkedin.com/company/hemlock-semiconductor,Engineering,Central,David Nelson,semiconductor materials,90,"Produces materials for the semiconductor industry, which could involve tablet compaction.",,,,,,Optimizing Tablet Consistency,"Hi, I noticed your work at Hemlock Semiconductor. I'd love to connect and discuss tablet manufacturing solutions.",Discussing tooling options for optimizing tablet consistency.,"Fette, Korsch","weight variation, capping, sticking",R&D,D
ON Semiconductor,Phoenix,AZ,-7445,https://www.onsemi.com,https://linkedin.com/company/onsemiconductor,Both,Rocky Mountain,Eric Maughan,semiconductor materials,100,Their semiconductor solutions could involve tablet press and formulation technologies.,,,,,,Enhancing Your Tablet Production Efficiency,"Hi, I noticed your work in semiconductor materials. I'd love to connect and discuss tablet production solutions that could benefit your R&D efforts.",Discussing custom tooling solutions for unique formulations.,Fette,"Weight variation, capping",R&D,Custom
IQE Plc,Bethlehem,PA,-3641,https://www.iqep.com,https://linkedin.com/company/iqe,Scientific,Northeast,Raffaele Romano,semiconductor materials,90,"Engages in materials research, potentially benefiting from Natoli's formulation services.",,,,,,Enhancing Your Tablet Production Efficiency,"Hi, I noticed IQE's innovative work in semiconductor materials. I'd love to connect and discuss tablet manufacturing solutions.",Discussing custom tooling solutions for unique formulations.,"Korsch, Fette","Weight variation, capping, sticking",R&D,Custom
"MaxLinear, Inc.",Carlsbad,CA,-2162,https://www.maxlinear.com,https://linkedin.com/company/maxlinear,Engineering,West Coast,Fernando Delgado,semiconductor materials,90,Develops broadband communications semiconductors which might need tablet pressing.,,,,,,Enhancing Your Tablet Production Process,"Hi, I noticed MaxLinear's innovative work in semiconductors. I'd love to connect and discuss tablet production solutions.",Discussing custom tooling solutions for unique formulations.,"Fette, Korsch","Weight variation, capping, sticking",R&D,Custom
Cirrus Logic,Austin,TX,-5362,https://www.cirrus.com,https://linkedin.com/company/cirrus-logic,Engineering,Central,David Nelson,semiconductor materials,90,"Designs audio and voice ICs, potentially using tablet press technology for production.",,,,,,Enhancing Your Tablet Production Process,"Hi, I noticed your work in semiconductor materials. I'd love to connect and discuss tablet manufacturing solutions that could benefit your R&D efforts.",Discussing custom tooling solutions for unique formulations.,"Fette, Korsch","weight variation, capping, sticking",R&D,Custom
Remington Ammunition,Lonoke,AR,-4337,https://remington.com,https://linkedin.com/company/remington-ammunition,Engineering,Central,David Nelson,ammunition manufacturing,90,Produces a wide range of ammunition that requires advanced engineering solutions,,,,,,Enhancing Your Tablet Production Efficiency,"Hi, I noticed your expertise in manufacturing. I'd love to connect and discuss innovations in tablet production.",Discussing custom tooling solutions for unique formulations.,Fette,"Weight variation, capping, sticking",Commercial,Custom
Sierra Bullets,Sedalia,MO,-4116,https://sierrabullets.com,https://linkedin.com/company/sierra-bullets,Engineering,Central,David Nelson,ammunition manufacturing,90,Produces bullets that require precision manufacturing equipment,,,,,,Exploring Compression Solutions,"Hi, I noticed your expertise in manufacturing. I'd love to connect and discuss innovative solutions in compression technology.",Discussing potential applications of compression technology in ammunition manufacturing.,Not applicable,Not applicable,Not applicable,Custom
Aguila Ammunition,Conroe,TX,-5358,https://aguilaammo.com,https://linkedin.com/company/aguila-ammunition,Engineering,Central,David Nelson,ammunition manufacturing,90,Manufactures a wide range of ammunition requiring advanced engineering equipment,,,,,,Enhancing Your Tablet Production Process,"Hi, I noticed your work in ammunition manufacturing. I'd love to connect and discuss tablet production solutions.",Discussing custom tooling solutions for unique formulations.,"Fette, Korsch","weight variation, capping",R&D,Custom
Lapua,Mesa,AZ,-4108,https://lapua.com,https://linkedin.com/company/lapua,Engineering,Rocky Mountain,Eric Maughan,ammunition manufacturing,90,Produces precision ammunition necessitating high-quality manufacturing equipment,,,,,,Innovative Solutions for Unique Compression Needs,"Hi, I noticed your expertise in manufacturing. I'd love to connect and discuss innovative solutions in compression technology.",Exploring innovative compression solutions for unique applications.,N/A,N/A,N/A,Custom
Cor-Bon/Glaser LLC,Sturgis,SD,-5495,https://corbon.com,https://linkedin.com/company/cor-bon,Engineering,Central,David Nelson,ammunition manufacturing,90,Manufactures high-performance ammunition requiring advanced manufacturing tools,,,,,,Enhance Your Tablet Production Efficiency,"Hi, I noticed your expertise in manufacturing. I'd love to connect and discuss tablet production solutions.",Discussing custom tooling solutions for unique formulations.,"Fette, Korsch","Weight variation, capping",R&D,Custom
HSM Ammunition,Stevensville,MT,-3288,https://thehuntingshack.com,,Engineering,Rocky Mountain,Eric Maughan,ammunition manufacturing,85,Specializes in high-quality ammunition production requiring robust manufacturing equipment,,,,,,Enhancing Your Tablet Production Process,"Hi, I noticed HSM Ammunition's innovative approach. I'd love to connect and discuss tablet production solutions.",Discussing custom tooling solutions for unique formulations.,Fette,"Weight variation, capping",R&D,Custom
Starline Brass,Sedalia,MO,-7739,https://starlinebrass.com,https://linkedin.com/company/starline-brass,Engineering,Central,David Nelson,ammunition manufacturing,90,Produces brass cases for ammunition requiring precision tooling,,,,,,Enhancing Your Tablet Production Efficiency,"Hi, I noticed your expertise in manufacturing. I'd love to connect and discuss innovative solutions for your tablet production.",Discussing custom tooling solutions for unique formulations.,Fette,"Weight variation, capping",R&D,Custom
Curia Global,Albany,NY,-3029,https://curiaglobal.com,https://linkedin.com/company/curiaglobal,Both,Northeast,Raffaele Romano,pharmaceutical formulation development,100,Provides formulation development and manufacturing services,,,,,Yes,Enhance Your Tablet Formulation Process,"Hi, I noticed Curia's focus on formulation development. I'd love to connect and discuss tablet tooling solutions.",Discussing tooling options for formulation development.,"Fette, Korsch, IMA","weight variation, capping, sticking",R&D,D
Recro Pharma Inc.,Gainesville,GA,-9542,https://recrogainesville.com,https://linkedin.com/company/recro-gainesville,Both,Southeast,Danny Ambrose,pharmaceutical formulation development,100,Specializes in formulation and manufacturing of oral dosage forms,,,,,Yes,Enhancing Your Tablet Formulation Process,"Hi, I noticed Recro Pharma's focus on formulation development. I'd love to connect and discuss tablet tooling solutions.",Discussing tooling options for formulation optimization.,"Fette, Korsch","weight variation, capping, sticking",R&D,D
Sarepta Therapeutics,Cambridge,MA,-4890,https://sarepta.com,https://linkedin.com/company/sarepta-therapeutics,Scientific,Northeast,Raffaele Romano,manufacturing science and technology pharma,90,Pioneers in genetic medicine with a focus on rare diseases,,,,,Yes,Enhancing Your Tablet Production Process,"Hi, I admire Sarepta's innovations in pharma. I'd love to connect and discuss tablet manufacturing solutions.",Discussing tooling solutions for scale-up efficiency,"Fette, Korsch","weight variation, capping, sticking",Scale-up,D
Novavax,Gaithersburg,MD,-2507,https://novavax.com,https://linkedin.com/company/novavax,Scientific,Northeast,Raffaele Romano,manufacturing science and technology pharma,90,Biotech firm developing vaccines and adjuvants,,,,,Yes,Enhancing Tablet Consistency Solutions,"Hi, I admire Novavax's innovations in pharma. I'd love to connect and discuss tablet manufacturing solutions.",Discussing tooling solutions for optimizing tablet consistency.,Fette,"weight variation, capping, sticking",Scale-up,D
AAIPharma Services,Wilmington,NC,-5598,https://www.aascif.com,https://linkedin.com/company/aai,Both,Southeast,Danny Ambrose,pharmaceutical analytical development,100,Offers analytical development and manufacturing services.,,,,,Yes,Enhancing R&D Efficiency with Natoli,"Hi, I see AAIPharma focuses on analytical development. I'd love to connect and discuss tablet tooling solutions that can enhance your R&D efforts.",Discussing tooling optimization for R&D formulations.,"Fette, Korsch","weight variation, sticking, capping",R&D,D
Letco Medical,Decatur,AL,-6326,https://letcomedical.com,https://linkedin.com/company/letco-medical,Both,Southeast,Danny Ambrose,503a compounding pharmacy,100,Supplies compounding pharmacies and may engage in tablet production.,,,,,Yes,Enhance Your Compounding Efficiency,"Hi, I noticed Letco Medical's focus on compounding. I'd love to connect and discuss tablet tooling solutions that could support your needs.",Discussing tooling options for custom formulations.,"Fette, Korsch","weight variation, capping, sticking",Scale-up,D
Fitzgerald Pharmacy,Verona,WI,-7943,https://fitzgeraldpharmacy.com,https://linkedin.com/company/fitzgerald-pharmacy,Both,Central,David Nelson,503a compounding pharmacy,100,"Compounds custom medications, potentially needing tablet presses.",,,,,Yes,Enhancing Your Compounding Efficiency,"Hi, I noticed Fitzgerald Pharmacy specializes in compounding. I'd love to connect and discuss tablet manufacturing solutions.",Discussing tooling options for custom formulations.,Fette,"weight variation, sticking, capping",R&D,D
Guardian Pharmacy,Atlanta,GA,-3252,https://guardianpharmacy.com,https://linkedin.com/company/guardian-pharmacy,Both,Southeast,Danny Ambrose,503a compounding pharmacy,100,"Provides personalized compounding services, including tablets.",,,,,Yes,Optimizing Your Compounding Process,"Hi, I noticed Guardian Pharmacy's focus on compounding. I'd love to connect and discuss tablet manufacturing solutions.",Discussing tooling options for custom formulations.,"Fette, Korsch","weight variation, sticking, capping",Scale-up,D
"PPD, Inc.",Wilmington,NC,-1241,https://ppd.com,https://linkedin.com/company/ppd,Both,Southeast,Danny Ambrose,bioavailability testing lab,100,"Provides comprehensive drug development, including formulation services",,,,,,Enhancing Your Tablet Production Process,"Hi, I noticed your work in bioavailability testing. I'd love to connect and discuss tablet production insights.",Discussing tooling options for bioavailability testing.,"Fette, Korsch","weight variation, capping, sticking",R&D,D
Aptuit LLC,Greenwich,CT,,https://aptuit.com,https://linkedin.com/company/aptuit,Scientific,Northeast,Raffaele Romano,bioavailability testing lab,80,Focuses on drug development and formulation,,,,,,Enhancing Your Bioavailability Testing,"Hi, I see you're involved in bioavailability testing. I'd love to connect and discuss tablet manufacturing insights.",Discussing tooling options for bioavailability studies.,Fette,"weight variation, capping, sticking",R&D,D
"Akorn, Inc.",Lake Forest,IL,-7225,https://akorn.com,https://linkedin.com/company/akorn,Engineering,Central,David Nelson,bioavailability testing lab,90,Manufactures a wide range of pharmaceutical products,,,,,,Enhancing Your Tablet Production Process,"Hi, I noticed your work at Akorn, Inc. and would love to connect to discuss tablet production challenges and solutions.",Discussing tooling options for bioavailability testing formulations.,"Fette, Korsch","weight variation, capping, sticking",R&D,D
"Biopharma Solutions, LLC",Bloomington,IN,-6764,https://biopharma.baxter.com,https://linkedin.com/company/biopharma-solutions,Scientific,Central,David Nelson,bioavailability testing lab,90,Provides contract manufacturing and bioavailability testing,,,,,,Enhancing Your Tablet Production Process,"Hi, I noticed your work in bioavailability testing. I'd love to connect and discuss tablet manufacturing solutions.",Discussing tooling options for bioavailability testing formulations.,Fette,"weight variation, capping, sticking",R&D,D
Eurofins Scientific,Lancaster,PA,-3672,https://eurofinsus.com,https://linkedin.com/company/eurofins,Scientific,Northeast,Raffaele Romano,stability testing laboratory,90,Provides analytical testing services including stability studies,,,,,,Enhancing Your Tablet Production Process,"Hi, I noticed your work at Eurofins. I'd love to connect and discuss tablet production challenges and solutions.",Discussing tooling options for stability testing formulations.,"Fette, Korsch","weight variation, capping, sticking",R&D,D
Charles River Laboratories,Wilmington,MA,-7002,https://criver.com,https://linkedin.com/company/charles-river-laboratories,Scientific,Northeast,Raffaele Romano,stability testing laboratory,90,Offers comprehensive drug development services including stability testing,,,,,,Enhancing Your Stability Testing Process,"Hi, I noticed your work at Charles River Labs and would love to connect to discuss tablet formulation challenges.",Discussing tooling options for stability testing formulations.,"Fette, Korsch","weight variation, capping, sticking",R&D,B
Covance,Princeton,NJ,-5500,https://covance.com,https://linkedin.com/company/covance,Scientific,Northeast,Raffaele Romano,stability testing laboratory,90,Conducts stability testing and formulation services,,,,,,Enhancing Your Tablet Production Process,"Hi, I noticed Covance's focus on stability testing. I'd love to connect and discuss tablet tooling solutions that could support your work.",Discussing tooling options for stability testing formulations.,"Fette, Korsch","weight variation, capping, sticking",R&D,D
Intertek Group,Houston,TX,-9591,https://intertek.com,https://linkedin.com/company/intertek,Scientific,Central,David Nelson,stability testing laboratory,90,Provides stability testing for pharmaceuticals,,,,,,Enhancing Your Tablet Production Process,"Hi, I noticed your work in stability testing. I'd love to connect and discuss tablet production insights!",Discussing tooling options for stability testing formulations.,"Fette, Korsch","weight variation, capping, sticking",R&D,D
Albany Molecular Research Inc. (AMRI),Albany,NY,-3029,https://amriglobal.com,https://linkedin.com/company/amri,Both,Northeast,Raffaele Romano,stability testing laboratory,100,Offers contract research and manufacturing alongside stability testing,,,,,,Enhancing Your Tablet Production Process,"Hi, I noticed AMRI's focus on stability testing. I'd love to connect and discuss tablet tooling solutions that could support your R&D efforts.",Discussing tooling options for stability testing formulations.,Fette,"weight variation, capping, sticking",R&D,D
Neopharm Labs,Spring Valley,NY,-3096,https://neopharmlabs.com,https://linkedin.com/company/neopharm-labs,Scientific,Northeast,Raffaele Romano,stability testing laboratory,90,"Conducts analytical, microbiological, and stability testing",,,,,,Enhancing Your Tablet Production Process,"Hi, I noticed your work in stability testing. I'd love to connect and discuss tablet production insights!",Discussing tooling options for stability testing formulations.,"Fette, Korsch","weight variation, capping, sticking",R&D,D
Tergus Pharma,Durham,NC,-4232,https://terguspharma.com,https://linkedin.com/company/tergus-pharma,Scientific,Southeast,Danny Ambrose,stability testing laboratory,90,Specializes in topical drug development and stability testing,,,,,,Enhancing Your Tablet Stability Testing,"Hi, I noticed Tergus Pharma's focus on stability testing. I'd love to connect and discuss tablet tooling solutions that could support your efforts.",Discussing tooling options for stability testing formulations.,"Fette, Korsch","weight variation, capping, sticking",R&D,D
GlaxoSmithKline Consumer Healthcare,Warren,NJ,-6961,https://gsk.com,https://linkedin.com/company/gsk,Both,Northeast,Raffaele Romano,otc pain relief tablets,100,Produces OTC products including pain relief tablets,,,,,,Enhancing Your Tablet Production Efficiency,"Hi, I admire GSK's innovation in OTC products. I'd love to connect and discuss tablet manufacturing solutions.",Discussing tooling options for consistent tablet quality.,"Fette, Korsch, IMA","weight variation, capping, sticking",Commercial,D
"Alvogen, Inc.",Pine Brook,NJ,-5168,https://alvogen.com,https://linkedin.com/company/alvogen,Both,Northeast,Raffaele Romano,otc pain relief tablets,100,Manufacturer of generic pharmaceuticals and OTC products,,,,,,Enhancing Your Tablet Production Efficiency,"Hi, I noticed Alvogen's focus on OTC pain relief. I'd love to connect and discuss tablet production solutions.",Discussing tooling options for consistent weight control.,Fette,"weight variation, capping, sticking",Commercial,D
LifeExtension,Fort Lauderdale,FL,-10466,https://www.lifeextension.com,https://linkedin.com/company/life-extension,Both,Southeast,Danny Ambrose,weight loss supplement tablets,100,Develops and manufactures supplement tablets,,,,,Yes,Enhancing Your Tablet Production Efficiency,"Hi, I noticed LifeExtension's focus on weight loss supplements. I'd love to connect and discuss tablet production solutions.",Discussing tooling options for weight loss formulations.,Fette,"weight variation, capping, sticking",Commercial,D
Omega Protein,Houston,TX,-1395,https://omegaprotein.com,https://linkedin.com/company/omega-protein,Both,Central,David Nelson,fish oil tablet manufacturing,100,Produces fish oil products including tablets and capsules,,,,,,Enhancing Your Tablet Production Efficiency,"Hi, I see Omega Protein specializes in fish oil tablets. I'd love to connect and discuss tablet manufacturing solutions.",Discussing tooling options for fish oil formulations.,Fette,"sticking, weight variation, capping",Commercial,D
Enzymotec USA,Morristown,NJ,-8830,https://enzymotec.com,https://linkedin.com/company/enzymotec,Both,Northeast,Raffaele Romano,fish oil tablet manufacturing,100,Specializes in nutritional ingredients including fish oil products,,,,,,Enhancing Your Fish Oil Tablet Production,"Hi, I see you're in fish oil tablet manufacturing. I'd love to connect and discuss optimizing your tablet production process.",Discussing tooling options for optimizing fish oil tablet production.,Fette,"sticking, weight variation, capping",Commercial,D
Barlean's Organic Oils,Ferndale,WA,-4773,https://barleans.com,https://linkedin.com/company/barleans,Both,West Coast,Fernando Delgado,fish oil tablet manufacturing,100,Specializes in organic oils and fish oil supplements,,,,,,Enhancing Your Tablet Production Efficiency,"Hi, I noticed Barlean's focus on quality fish oil tablets. I'd love to connect and discuss potential improvements in your tablet manufacturing process.",Discussing tooling options for improved efficiency in fish oil tablet production.,Fette,"sticking, weight variation, capping",Commercial,D
Solvay USA Inc.,Houston,TX,-7237,https://www.solvay.com,https://linkedin.com/company/solvay,Engineering,Central,David Nelson,pool chlorine tablet manufacturing,90,Produces chemicals and chlorine products requiring tablet presses,,,,,,Enhancing Your Tablet Production Efficiency,"Hi, I noticed Solvay's focus on tablet manufacturing. I'd love to connect and discuss potential improvements in your processes.",Discussing tooling options for consistent tablet quality.,Fette,"weight variation, capping, sticking",Commercial,D
"BioLab, Inc.",Lawrenceville,GA,-5179,https://www.biolabinc.com,https://linkedin.com/company/biolabinc,Both,Southeast,Danny Ambrose,pool chlorine tablet manufacturing,100,Engages in the production and R&D of pool chlorine tablets,,,,,,Enhancing Your Tablet Production Efficiency,"Hi, I noticed BioLab's focus on pool chlorine tablets. I'd love to connect and discuss tablet manufacturing solutions.",Discussing tooling options for consistent tablet quality.,"Fette, Korsch","capping, weight variation, sticking",Commercial,D
"Ecolab, Inc.",Saint Paul,MN,-7553,https://www.ecolab.com,https://linkedin.com/company/ecolab,Both,Central,David Nelson,pool chlorine tablet manufacturing,100,"Global leader in water, hygiene and energy technologies and services",,,,,,Enhancing Your Tablet Production Efficiency,"Hi, I noticed Ecolab's focus on pool chlorine tablets. I'd love to connect and discuss tablet manufacturing solutions.",Discussing tooling options for consistent tablet quality.,Fette,"capping, weight variation, sticking",Commercial,D
"Leslie's Poolmart, Inc.",Phoenix,AZ,-4966,https://www.lesliespool.com,https://linkedin.com/company/leslie's-poolmart-inc-,Both,Rocky Mountain,Eric Maughan,pool chlorine tablet manufacturing,100,Retailer and producer of pool chemicals and equipment,,,,,,Enhancing Your Tablet Production Efficiency,"Hi, I noticed your expertise in tablet manufacturing. I'd love to connect and discuss innovations in tablet tooling.",Discussing tooling options for consistent tablet quality.,Fette,"weight variation, capping, sticking",Commercial,D
Horizon Pool Supply,Lakeville,MN,-6245,https://www.horizonpoolsupply.com,,Engineering,Central,David Nelson,pool chlorine tablet manufacturing,85,Supplies and manufactures pool chemicals,,,,,,Enhancing Your Tablet Production Efficiency,"Hi, I noticed your expertise in tablet manufacturing. I'd love to connect and discuss potential improvements in your processes.",Discussing tooling options for consistent tablet quality.,Fette,"weight variation, capping, sticking",Commercial,D
Sunbelt Chemicals Corp,Palm Coast,FL,-5426,https://www.sunbeltchemicals.com,,Engineering,Southeast,Danny Ambrose,pool chlorine tablet manufacturing,85,Specializes in pool and spa chemical manufacturing,,,,,,Enhancing Your Tablet Production Efficiency,"Hi, I noticed your work in pool chlorine tablets. I'd love to connect and discuss tablet manufacturing solutions.",Discussing tooling solutions for consistent tablet quality.,Fette,"weight variation, capping, sticking",Commercial,D
Sani Marc Inc.,Saint-Hubert,QC,-8851,https://www.sanimarc.com,https://linkedin.com/company/sani-marc-group,Both,Canada,Fazal,pool chlorine tablet manufacturing,100,Provides comprehensive water care solutions including chlorine tablets,,,,,,Enhancing Your Tablet Production Efficiency,"Hi, I noticed Sani Marc's focus on pool chlorine tablets. I'd love to connect and discuss tablet manufacturing solutions.",Discussing tooling options for consistent tablet quality.,"Fette, Korsch","weight variation, capping, sticking",Commercial,D
"USALCO, LLC",Baltimore,MD,-3557,https://usalco.com,https://linkedin.com/company/usalco,Both,Northeast,Raffaele Romano,water treatment tablets,100,"Manufactures aluminum-based chemicals for water treatment, possibly in tablet form",,,,,,Enhancing Your Tablet Production Efficiency,"Hi, I noticed USALCO's focus on water treatment tablets. I'd love to connect and discuss how Natoli can support your tablet manufacturing needs.",Discussing tooling options for consistent tablet quality.,Fette,"weight variation, capping, sticking",Commercial,D
SNF Holding Company,Riceboro,GA,-5161,https://snf.com,https://linkedin.com/company/snf-holding-company,Both,Southeast,Danny Ambrose,water treatment tablets,100,"Produces polymers for water treatment, potentially using tablet manufacturing",,,,,,Enhancing Your Tablet Production Efficiency,"Hi, I noticed your work in water treatment tablets. I'd love to connect and discuss tablet manufacturing solutions.",Discussing tooling options for consistent tablet quality.,Fette,"weight variation, capping, sticking",Commercial,D
"Buckman Laboratories, Inc.",Memphis,TN,-1508,https://buckman.com,https://linkedin.com/company/buckman,Both,Southeast,Danny Ambrose,water treatment tablets,100,"Offers water treatment chemicals, likely in tablet forms",,,,,,Enhancing Your Tablet Production Efficiency,"Hi, I noticed your work in water treatment tablets. I'd love to connect and discuss tablet manufacturing solutions.",Discussing tooling options for consistent tablet quality.,"Fette, Korsch, IMA","weight variation, capping, sticking",Commercial,D
"GEO Specialty Chemicals, Inc.",Ambler,PA,-10267,https://geosc.com,https://linkedin.com/company/geo-specialty-chemicals,Both,Northeast,Raffaele Romano,water treatment tablets,100,"Produces specialty chemicals for water treatment, including tablets",,,,,,Enhancing Your Tablet Production Efficiency,"Hi, I noticed GEO Specialty Chemicals focuses on water treatment tablets. I'd love to connect and discuss tablet production solutions.",Discussing tooling options for consistent tablet quality.,Fette,"weight variation, capping, sticking",Commercial,D
"Veolia Water Technologies, Inc.",Paramus,NJ,-10267,https://veoliawatertech.com,https://linkedin.com/company/veolia-water-technologies,Both,Northeast,Raffaele Romano,water treatment tablets,100,"Offers water treatment solutions, including solid dosage forms",,,,,,Enhancing Tablet Quality for Water Treatment,"Hi, I noticed your work in water treatment tablets. I'd love to connect and discuss tablet manufacturing solutions.",Discussing tooling options for consistent tablet quality.,Fette,"weight variation, capping, sticking",Commercial,D
"Brenntag North America, Inc.",Reading,PA,-7635,https://brenntag.com,https://linkedin.com/company/brenntag,Both,Northeast,Raffaele Romano,water treatment tablets,100,"Distributes chemicals for water treatment, including tablet forms",,,,,,Enhancing Your Tablet Production Efficiency,"Hi, I see Brenntag focuses on water treatment tablets. I'd love to connect and discuss optimizing your tablet production process.",Discussing tooling options for water treatment tablets to enhance efficiency.,"Fette, Korsch, IMA","weight variation, capping, sticking",Commercial,D
"Kroff, Inc.",Pittsburgh,PA,-10532,https://kroff.com,https://linkedin.com/company/kroff-inc-,Both,Northeast,Raffaele Romano,water treatment tablets,100,"Provides water treatment services and products, possibly including tablets",,,,,,Enhancing Your Tablet Production Efficiency,"Hi, I noticed Kroff's focus on water treatment tablets. I'd love to connect and discuss tablet production solutions.",Discussing tooling options for consistent tablet quality.,"Fette, Korsch","weight variation, capping, sticking",Commercial,D
"PVS Chemicals, Inc.",Detroit,MI,-2433,https://pvschemicals.com,https://linkedin.com/company/pvs-chemicals,Both,Central,David Nelson,water treatment tablets,100,"Produces and distributes chemicals for water treatment, involving tablets",,,,,,Enhancing Your Tablet Production Efficiency,"Hi, I noticed PVS Chemicals focuses on water treatment tablets. I'd love to connect and discuss tablet manufacturing solutions.",Discussing tooling options for consistent tablet quality.,"Fette, Korsch","weight variation, capping, sticking",Commercial,D
"Zinkan Enterprises, Inc.",Twinsburg,OH,-4999,https://zinkan.com,https://linkedin.com/company/zinkan-enterprises-inc-,Both,Central,David Nelson,water treatment tablets,100,"Offers water treatment products and services, likely including tablets",,,,,,Enhancing Your Tablet Production Efficiency,"Hi, I noticed Zinkan Enterprises focuses on water treatment tablets. I'd love to connect and discuss tablet production solutions.",Discussing tooling options for consistent tablet quality.,"Fette, Korsch","weight variation, capping, sticking",Commercial,D
"J.R. Watkins, LLC",Winona,MN,-10465,https://jrwatkins.com,https://linkedin.com/company/j-r-watkins,Both,Central,David Nelson,dishwasher tablet manufacturing,100,Offers natural cleaning and personal care products including tablets,,,,,,Enhancing Your Tablet Production Efficiency,"Hi, I noticed your work in dishwasher tablet manufacturing. I'd love to connect and discuss tablet production solutions.",Discussing tooling options for consistent tablet quality.,"Fette, Korsch","weight variation, capping, sticking",Commercial,D
"Eco-Me, LLC",Mission Viejo,CA,-4645,https://www.eco-me.com,https://linkedin.com/company/eco-me,Both,West Coast,Fernando Delgado,toilet bowl cleaner tablets,100,"Produces natural cleaning products, including tablets",,,,,,Enhancing Your Tablet Production Efficiency,"Hi, I noticed Eco-Me's innovative approach to tablet cleaners. I'd love to connect and discuss potential efficiencies in your tablet production.",Discussing tooling options for consistent tablet quality.,Fette,"weight variation, capping, sticking",Scale-up,D
Tablet Technologies Inc.,Los Angeles,CA,-2111,https://tablettech.com,https://linkedin.com/company/tablettech,Engineering,West Coast,Fernando Delgado,plant food tablets,90,Manufacturer of plant food tablets requiring tablet presses,,,,,,Enhance Your Tablet Production Efficiency,"Hi, I noticed your work at Tablet Technologies. I'd love to connect and discuss tablet manufacturing solutions.",Discussing tooling options for optimizing tablet consistency and reducing defects.,Fette,"weight variation, capping, sticking",Scale-up,D
GreenLeaf Nutraceuticals,Portland,OR,-6735,https://greenleafnutra.com,https://linkedin.com/company/greenleafnutra,Both,West Coast,Fernando Delgado,plant food tablets,100,Produces and develops plant-based nutrition tablets,,,,,,Enhancing Your Tablet Production Process,"Hi, I noticed GreenLeaf's focus on plant food tablets. I'd love to connect and discuss potential improvements in your tablet manufacturing process.",Discussing tooling options for plant-based formulations.,Fette,"capping, sticking, weight variation",Scale-up,D
EcoGrow Solutions,Seattle,WA,-3105,https://ecogrowsolutions.com,https://linkedin.com/company/ecogrowsolutions,Scientific,West Coast,Fernando Delgado,plant food tablets,90,Engaged in formulation development for plant growth products,,,,,,Enhance Your Tablet Production Efficiency,"Hi, I see EcoGrow Solutions is innovating in plant food tablets. I'd love to connect and discuss tablet production optimization!",Discussing tooling options for optimizing tablet consistency.,"Fette, Korsch","weight variation, sticking, capping",Scale-up,D
Nature's Best Tablets,Denver,CO,-7646,https://naturesbesttablets.com,,Engineering,Rocky Mountain,Eric Maughan,plant food tablets,85,Produces compressed plant food tablets,,,,,,Enhancing Your Tablet Production Efficiency,"Hi, I noticed your focus on plant food tablets. I'd love to connect and discuss innovative solutions for your tablet production.",Discussing tooling options for plant-based formulations.,Fette,"weight variation, capping, sticking",Commercial,D
BioFusion Labs,Austin,TX,-10167,https://biofusionlabs.com,https://linkedin.com/company/biofusionlabs,Both,Central,David Nelson,plant food tablets,100,Offers R&D and manufacturing for plant-based tablets,,,,,,Enhancing Your Tablet Production Efficiency,"Hi, I noticed BioFusion Labs focuses on plant food tablets. I'd love to connect and discuss tablet production challenges and solutions.",Discussing tooling options for plant-based formulations.,"Fette, Korsch","weight variation, capping, sticking",Scale-up,D
HerbalSynth Inc.,Chicago,IL,-4210,https://herbalsynth.com,https://linkedin.com/company/herbalsynth,Both,Central,David Nelson,plant food tablets,100,Produces and develops herbal tablets for plant care,,,,,,Enhancing Your Tablet Production Process,"Hi, I noticed HerbalSynth's focus on plant food tablets. I'd love to connect and discuss tablet manufacturing solutions.",Discussing tooling options for plant-based formulations.,Fette,"sticking, weight variation, capping",Scale-up,D
PlantBoost Technologies,Miami,FL,-6425,https://plantboosttech.com,https://linkedin.com/company/plantboosttech,Engineering,Southeast,Danny Ambrose,plant food tablets,90,Manufacturer of plant nutrient tablets,,,,,,Enhancing Your Tablet Production Efficiency,"Hi, I noticed PlantBoost's innovative approach to plant food tablets. I'd love to connect and discuss tablet manufacturing solutions.",Discussing tooling options for optimizing tablet consistency.,Fette,"weight variation, capping, sticking",Scale-up,D
AgriTablets Inc.,Phoenix,AZ,-8822,https://agritablets.com,,Engineering,Rocky Mountain,Eric Maughan,plant food tablets,85,Specializes in agricultural tablets for plant growth,,,,,,Enhancing Your Tablet Production Process,"Hi, I noticed AgriTablets' focus on plant food tablets. I'd love to connect and discuss tablet production solutions.",Discussing tooling options for plant-based formulations.,Fette,"weight variation, capping, sticking",Scale-up,D
EarthWise Organics,Baltimore,MD,-2198,https://earthwiseorganics.com,,Both,Northeast,Raffaele Romano,plant food tablets,95,Produces organic plant food tablets,,,,,,Enhancing Your Tablet Production Efficiency,"Hi, I see you're innovating in plant food tablets. I'd love to connect and discuss tablet production solutions.",Discussing tooling options for optimizing tablet consistency.,Fette,"weight variation, capping, sticking",Scale-up,D
GrowMax Solutions,Atlanta,GA,-6636,https://growmaxsolutions.com,https://linkedin.com/company/growmaxsolutions,Engineering,Southeast,Danny Ambrose,plant food tablets,90,Manufactures tablets for plant growth enhancement,,,,,,Enhancing Your Tablet Production Efficiency,"Hi, I noticed GrowMax Solutions focuses on plant food tablets. I'd love to connect and discuss tablet production optimization.",Discussing tooling options for optimizing tablet consistency.,"Fette, Korsch","weight variation, capping, sticking",Scale-up,D
FloraTech Laboratories,Minneapolis,MN,-3511,https://floratechlabs.com,,Scientific,Central,David Nelson,plant food tablets,85,Focuses on R&D for plant nutrient tablets,,,,,,Enhancing Your Tablet Production Efficiency,"Hi, I noticed FloraTech's focus on plant food tablets. I'd love to connect and discuss tablet production solutions.",Discussing tooling options for plant-based formulations.,Fette,"weight variation, capping, sticking",Scale-up,D
Harvest Health Labs,Philadelphia,PA,-9870,https://harvesthealthlabs.com,https://linkedin.com/company/harvesthealthlabs,Both,Northeast,Raffaele Romano,plant food tablets,100,Produces health-focused plant tablets,,,,,,Enhancing Your Tablet Production Efficiency,"Hi, I see you're innovating in plant food tablets. I'd love to connect and discuss tablet press solutions that could support your growth.",Discussing tooling options for plant-based formulations.,Fette,"weight variation, capping, sticking",Scale-up,D
EcoGrow Labs,Houston,TX,-4611,https://ecogrowlabs.com,https://linkedin.com/company/ecogrowlabs,Both,Central,David Nelson,plant food tablets,100,Develops and manufactures eco-friendly plant tablets,,,,,,Optimizing Your Tablet Production Process,"Hi, I noticed EcoGrow Labs focuses on plant food tablets. I'd love to connect and discuss tablet production solutions!",Discussing tooling options for plant-based formulations.,Fette,"weight variation, capping, sticking",Scale-up,D
BioGreen Technologies,San Francisco,CA,-6535,https://biogreentech.com,,Scientific,West Coast,Fernando Delgado,plant food tablets,85,Innovative R&D in plant nutrition solutions,,,,,,Enhancing Your Tablet Production Efficiency,"Hi, I noticed BioGreen's focus on plant food tablets. I'd love to connect and discuss tablet press solutions that could enhance your production.",Discussing tooling options for plant-based formulations,Fette,"weight variation, capping, sticking",Scale-up,D
Nature's Tablets,Las Vegas,NV,-9044,https://naturestablets.com,,Engineering,Rocky Mountain,Eric Maughan,plant food tablets,85,Produces a variety of plant food tablets,,,,,,Optimizing Your Tablet Production Process,"Hi, I noticed your focus on plant food tablets. I'd love to connect and discuss potential improvements in your tablet manufacturing process.",Discussing tooling options for plant-based formulations.,Fette,"weight variation, capping, sticking",Scale-up,D
"Rex-Bac-T Technologies, LLC",Conroe,TX,-8342,https://rex-bac-t.com,https://linkedin.com/company/rex-bac-t-technologies,Engineering,Central,David Nelson,septic system tablets,90,Manufactures septic system tablets,,,,,,Enhancing Your Tablet Production Efficiency,"Hi, I noticed your work in septic system tablets. I'd love to connect and discuss tablet manufacturing solutions.",Discussing tooling solutions for consistent tablet quality.,"Fette, Korsch","weight variation, capping, sticking",Scale-up,D
"BioOne, Inc.",Phoenix,AZ,-4260,https://bioone.com,https://linkedin.com/company/bioone-inc,Both,Rocky Mountain,Eric Maughan,septic system tablets,100,Provides biological solutions for septic systems,,,,,,Enhancing Your Tablet Production Process,Hi! I see BioOne focuses on septic system tablets. I'd love to connect and discuss tablet manufacturing solutions.,Discussing tooling options for consistent tablet quality.,Fette,"weight variation, capping, sticking",Scale-up,D
"Septic Solutions, Inc.",Dieterich,IL,-6933,https://septicsolutions.com,,Engineering,Central,David Nelson,septic system tablets,85,Manufactures septic system treatment tablets,,,,,,Enhancing Your Tablet Production Efficiency,"Hi, I noticed your work at Septic Solutions. I'd love to connect and discuss tablet manufacturing solutions that could enhance your production.",Discussing tooling solutions for consistent tablet quality.,Fette,"weight variation, capping, sticking",Commercial,D
"Green Pig, Inc.",Monroe,GA,-2950,https://greenpiginc.com,,Scientific,Southeast,Danny Ambrose,septic system tablets,85,Produces septic tank treatment products,,,,,,Enhancing Your Tablet Production Efficiency,"Hi, I noticed Green Pig's innovative approach to septic system tablets. I'd love to connect and discuss tablet manufacturing solutions.",Discussing tooling options for consistent tablet quality.,Fette,"weight variation, capping, sticking",Commercial,D
Septic Tank Supplies,Ocala,FL,-8223,https://septictanksupplies.com,,Engineering,Southeast,Danny Ambrose,septic system tablets,85,Provides septic system treatment tablets,,,,,,Enhancing Your Tablet Production Efficiency,"Hi, I noticed your work in tablet manufacturing. I'd love to connect and discuss innovative solutions for your production challenges.",Discussing custom tooling solutions for unique tablet formulations.,Fette,"Weight variation, capping, sticking",Commercial,Custom
"Biomaster, Inc.",Charlottesville,VA,-4358,https://biomaster.com,,Scientific,Northeast,Raffaele Romano,septic system tablets,85,Specializes in biological septic treatments,,,,,,Enhancing Your Tablet Production Efficiency,"Hi, I noticed Biomaster's innovative approach to septic system tablets. I'd love to connect and discuss tablet manufacturing solutions.",Discussing tooling options for consistent tablet quality.,Fette,"weight variation, capping, sticking",Scale-up,D
Septic Drainer,Sandwich,MA,-7403,https://septicdrainer.com,,Both,Northeast,Raffaele Romano,septic system tablets,95,Produces septic system maintenance products,,,,,,Enhancing Your Tablet Production Efficiency,"Hi, I noticed your work in septic system tablets. I'd love to connect and discuss tablet production solutions.",Discussing tooling options for consistent tablet quality.,"Fette, Korsch","weight variation, capping, sticking",Commercial,D
SeptiClean,Cumming,GA,-5527,https://septiclean.com,,Engineering,Southeast,Danny Ambrose,septic system tablets,85,Manufactures septic system cleaning products,,,,,,Enhancing Your Tablet Production Efficiency,"Hi, I noticed SeptiClean's focus on septic system tablets. I'd love to connect and discuss tablet production solutions.",Discussing tooling options for consistent tablet quality.,Fette,"weight variation, capping, sticking",Commercial,D
Armaly Brands,Walled Lake,MI,-9871,https://www.armalybrands.com,https://linkedin.com/company/armaly-brands,Engineering,Central,David Nelson,rust remover tablets,90,Produces cleaning products including tablets,,,,,,Enhancing Your Tablet Production Efficiency,"Hi, I noticed Armaly Brands specializes in rust remover tablets. I'd love to connect and discuss tablet production solutions.",Discussing tooling options for optimizing tablet consistency and reducing defects.,Fette,"weight variation, capping, sticking",Commercial,D
Summit Brands,Fort Wayne,IN,-8051,https://www.summitbrands.com,https://linkedin.com/company/summit-brands,Engineering,Central,David Nelson,rust remover tablets,90,Manufactures specialty cleaning products,,,,,,Optimizing Your Rust Remover Tablet Production,"Hi, I noticed your work with rust remover tablets. I'd love to connect and discuss tablet production solutions.",Discussing tooling options for rust remover tablet formulations.,Fette,"capping, weight variation, sticking",Commercial,D
Brighton Professional,Framingham,MA,-5743,https://www.staples.com,https://linkedin.com/company/staples,Engineering,Northeast,Raffaele Romano,rust remover tablets,90,Produces cleaning and janitorial supplies,,,,,,Enhancing Your Tablet Production Efficiency,"Hi, I noticed Brighton Professional's focus on rust remover tablets. I'd love to connect and discuss tablet manufacturing solutions.",Discussing tooling options for rust remover tablet formulations.,"Fette, Korsch","capping, weight variation, sticking",Commercial,D
"Parker Laboratories, Inc.",Fairfield,NJ,-10748,https://www.parkerlabs.com,https://linkedin.com/company/parker-laboratories,Scientific,Northeast,Raffaele Romano,rust remover tablets,90,Produces medical gels and cleaning solutions,,,,,,Optimizing Your Tablet Production Process,"Hi, I noticed your work at Parker Laboratories. I'd love to connect and discuss tablet manufacturing solutions.",Discussing tooling options for rust remover tablet formulations.,Fette,"capping, weight variation, sticking",Commercial,D
