Company,Website,Phone,City,State,LinkedIn
Empower Pharmacy,https://www.empowerpharmacy.com,713-783-2000,Houston,TX,https://www.linkedin.com/company/empower-pharmacy
Hallandale Pharmacy,https://www.hallandalepharmacy.com,954-457-1000,Hallandale Beach,FL,https://www.linkedin.com/company/hallandale-pharmacy
Strive Pharmacy,https://www.strivepharmacy.com,888-888-8888,Location Unknown,Unknown,https://www.linkedin.com/company/strive-pharmacy
Tailor Made Compounding,https://www.tailormadecompounding.com,888-505-7468,Henderson,NV,https://www.linkedin.com/company/tailor-made-compounding
Olympia Pharmacy,https://www.olympiapharmacy.com,360-754-3000,Olympia,WA,https://www.linkedin.com/company/olympia-pharmacy
Belmar Pharma Solutions,https://www.belmarpharma.com,888-123-4567,Lakewood,NJ,https://www.linkedin.com/company/belmar-pharma-solutions
Brooksville Pharmaceuticals,https://www.brooksvillepharma.com,352-123-4567,Brooksville,FL,https://www.linkedin.com/company/brooksville-pharmaceuticals
AnazaoHealth,https://www.anazaohealth.com,888-987-6543,Las Vegas,NV,https://www.linkedin.com/company/anazahealth
ReviveRX,https://www.revivex.com,800-555-0199,San Diego,CA,https://www.linkedin.com/company/reviverx
University Compounding Pharmacy,https://www.universitycompounding.com,619-123-4567,San Diego,CA,https://www.linkedin.com/company/university-compounding-pharmacy
Southend Pharmacy,https://www.southendpharmacy.com,704-333-3300,Charlotte,NC,https://www.linkedin.com/company/southend-pharmacy
CareFirst Specialty Pharmacy,https://www.carefirstpharmacy.com,410-768-1000,Glen Burnie,MD,https://www.linkedin.com/company/carefirst-specialty-pharmacy
Stonegate Pharmacy,https://www.stonegatepharmacy.com,888-777-1234,Boca Raton,FL,https://www.linkedin.com/company/stonegate-pharmacy
Pavilion Compounding Pharmacy,https://www.pavilionpharmacy.com,248-645-4000,Birmingham,MI,https://www.linkedin.com/company/pavilion-compounding-pharmacy
Key Compounding Pharmacy,https://www.keycompoundingpharmacy.com,713-783-1000,Houston,TX,https://www.linkedin.com/company/key-compounding-pharmacy
Central Drugs Compounding,http://www.centraldrugs.com,800-555-1234,Phoenix,AZ,https://www.linkedin.com/company/central-drugs-compounding
Precision Compounding Pharmacy,http://www.precisioncompounding.com,866-555-5678,Henderson,NV,https://www.linkedin.com/company/precision-compounding-pharmacy
Infuserve America,http://www.infuserveamerica.com,877-555-9012,Tampa,FL,https://www.linkedin.com/company/infuserve-america
Town & Country Compounding,http://www.townandcountrycompounding.com,888-555-3456,Birmingham,AL,https://www.linkedin.com/company/town-country-compounding
Women's International Pharmacy,http://www.womensinternationalpharmacy.com,800-555-7890,Madison,WI,https://www.linkedin.com/company/womens-international-pharmacy
RxCompoundStore,https://www.rxcompoundstore.com,888-888-8888,Boca Raton,FL,https://www.linkedin.com/company/rxcompoundstore
Farmakeio Custom Compounding,https://www.farmakeio.com,800-555-0199,San Diego,CA,https://www.linkedin.com/company/farmakeio
Hopewell Pharmacy,https://www.hopewellpharmacy.com,609-466-1000,Hopewell,NJ,https://www.linkedin.com/company/hopewellpharmacy
Clark’s Compounding Pharmacy,https://www.clarkscompoundingpharmacy.com,503-555-0123,Portland,OR,https://www.linkedin.com/company/clarkscompoundingpharmacy
Bayview Pharmacy,https://www.bayviewpharmacy.com,410-555-0198,Baltimore,MD,https://www.linkedin.com/company/bayviewpharmacy
Custom Prescriptions,http://www.customprescriptions.com,555-123-4567,San Diego,CA,https://www.linkedin.com/company/custom-prescriptions
People’s Custom Rx,http://www.peoplescustomrx.com,555-234-5678,Houston,TX,https://www.linkedin.com/company/peoples-custom-rx
Avanti Compounding Pharmacy,http://www.avantipharmacy.com,555-345-6789,Phoenix,AZ,https://www.linkedin.com/company/avanti-compounding-pharmacy
Village Compounding Pharmacy,http://www.villagecompounding.com,555-456-7890,Chicago,IL,https://www.linkedin.com/company/village-compounding-pharmacy
Formulary Compounding Pharmacy,http://www.formularycompounding.com,555-567-8901,Atlanta,GA,https://www.linkedin.com/company/formulary-compounding-pharmacy
Smith Rexall Pharmacy,http://www.smithrexallpharmacy.com,555-123-4567,Smithtown,NY,https://www.linkedin.com/company/smith-rexall-pharmacy
Health Dimensions Compounding,http://www.healthdimensions.com,555-234-5678,Minneapolis,MN,https://www.linkedin.com/company/health-dimensions-compounding
Diamondback Drugs,http://www.diamondbackdrugs.com,555-345-6789,Phoenix,AZ,https://www.linkedin.com/company/diamondback-drugs
Cypress Compounding Pharmacy,http://www.cypresscompounding.com,555-456-7890,Cypress,TX,https://www.linkedin.com/company/cypress-compounding-pharmacy
MedQuest Pharmacy,http://www.medquestpharmacy.com,555-567-8901,Atlanta,GA,https://www.linkedin.com/company/medquest-pharmacy
Palmetto Compounding,https://www.palmettocompounding.com,803-788-8888,Columbia,SC,https://www.linkedin.com/company/palmetto-compounding
Carepoint Pharmacy,https://www.carepointpharmacy.com,888-888-8888,Henderson,NV,https://www.linkedin.com/company/carepoint-pharmacy
The Compounding Shop,https://www.thecompoundingshop.com,888-123-4567,San Diego,CA,https://www.linkedin.com/company/the-compounding-shop
Apothicare Compounding,https://www.apothicare.com,800-555-0199,Phoenix,AZ,https://www.linkedin.com/company/apothicare-compounding
North Bay Compounding,https://www.northbaycompounding.com,707-555-0123,Petaluma,CA,https://www.linkedin.com/company/north-bay-compounding
Trinity Compounding,https://www.trinitycompounding.com,888-123-4567,San Antonio,TX,https://www.linkedin.com/company/trinity-compounding
Alliance Pharmacy Compounding,https://www.alliancepharmacy.com,800-555-0199,Wilmington,DE,https://www.linkedin.com/company/alliance-pharmacy-compounding
Summit Compounding Pharmacy,https://www.summitcompounding.com,877-555-1234,Boulder,CO,https://www.linkedin.com/company/summit-compounding-pharmacy
Pure Compounding Pharmacy,https://www.purecompounding.com,888-555-9876,Phoenix,AZ,https://www.linkedin.com/company/pure-compounding-pharmacy
Element Compounding,https://www.elementcompounding.com,800-555-4321,Los Angeles,CA,https://www.linkedin.com/company/element-compounding
Lotus Compounding,https://lotuscompounding.com,888-123-4567,Phoenix,AZ,https://www.linkedin.com/company/lotus-compounding
Remedy Pharmacy,https://remedypharmacy.com,800-987-6543,San Diego,CA,https://www.linkedin.com/company/remedy-pharmacy
Evergreen Compounding,https://evergreencompounding.com,877-555-1212,Seattle,WA,https://www.linkedin.com/company/evergreen-compounding
Genesis Compounding,https://genesiscompounding.com,866-555-0000,Dallas,TX,https://www.linkedin.com/company/genesis-compounding
Integrity Compounding,https://integritycompounding.com,844-555-6789,Orlando,FL,https://www.linkedin.com/company/integrity-compounding
Apex Pharmacy,https://www.apexpharmacy.com,888-123-4567,Los Angeles,CA,https://www.linkedin.com/company/apex-pharmacy
Precision Health Pharmacy,https://www.precisionhealthpharmacy.com,888-234-5678,Phoenix,AZ,https://www.linkedin.com/company/precision-health-pharmacy
Harbor Compounding Pharmacy,https://www.harborcompounding.com,888-345-6789,San Diego,CA,https://www.linkedin.com/company/harbor-compounding-pharmacy
Complete Care Pharmacy,https://www.completecarepharmacy.com,888-456-7890,Dallas,TX,https://www.linkedin.com/company/complete-care-pharmacy
Lifecare Compounding Pharmacy,https://www.lifecarecompounding.com,888-567-8901,Miami,FL,https://www.linkedin.com/company/lifecare-compounding-pharmacy
Community Care Compounding,https://www.communitycarecompounding.com,888-888-8888,Harrisburg,PA,https://www.linkedin.com/company/community-care-compounding
Northshore Specialty Pharmacy,https://www.northshoressp.com,847-550-2000,Skokie,IL,https://www.linkedin.com/company/northshore-specialty-pharmacy
Coastal Compounding Pharmacy,https://www.coastalcompounding.com,888-888-8888,Charleston,SC,https://www.linkedin.com/company/coastal-compounding-pharmacy
Family Pharmacy,https://www.familypharmacy.com,888-888-8888,Various Locations,XX,https://www.linkedin.com/company/family-pharmacy
Remedium Pharmacy,https://www.remediumpharmacy.com,888-888-8888,Phoenix,AZ,https://www.linkedin.com/company/remedium-pharmacy
Sunrise Pharmacy,https://www.sunrisepharmacy.com,123-456-7890,Los Angeles,CA,https://www.linkedin.com/company/sunrise-pharmacy
RxCare Pharmacy,https://www.rxcarepharmacy.com,234-567-8901,Houston,TX,https://www.linkedin.com/company/rxcare-pharmacy
Innovative Compounding Pharmacy,https://www.innovativecompounding.com,345-678-9012,Phoenix,AZ,https://www.linkedin.com/company/innovative-compounding-pharmacy
Wellness Scripts Pharmacy,https://www.wellnessscripts.com,456-789-0123,Chicago,IL,https://www.linkedin.com/company/wellness-scripts-pharmacy
Heritage Compounding Pharmacy,https://www.heritagecompounding.com,567-890-1234,Atlanta,GA,https://www.linkedin.com/company/heritage-compounding-pharmacy
PrimeCare Pharmacy,https://www.primecarepharmacy.com,888-123-4567,Springfield,IL,https://www.linkedin.com/company/primecarepharmacy
Unity Pharmacy,https://www.unitypharmacy.com,800-234-5678,Los Angeles,CA,https://www.linkedin.com/company/unitypharmacy
Corner Drug Compounding,https://www.cornerdrug.com,888-987-6543,Dallas,TX,https://www.linkedin.com/company/cornerdrugcompounding
Optimal Wellness Pharmacy,https://www.optimalwellnesspharmacy.com,877-654-3210,Miami,FL,https://www.linkedin.com/company/optimalwellnesspharmacy
Precision Plus Pharmacy,https://www.precisionpluspharmacy.com,866-543-2109,Chicago,IL,https://www.linkedin.com/company/precisionpluspharmacy
Wellness One Pharmacy,https://www.wellnessonepharmacy.com,888-123-4567,Phoenix,AZ,https://www.linkedin.com/company/wellness-one-pharmacy
Genesis Pharmacy,https://www.genesispharmacy.com,800-234-5678,San Diego,CA,https://www.linkedin.com/company/genesis-pharmacy
Rx Solutions Pharmacy,https://www.rxsolutionspharmacy.com,877-345-6789,Atlanta,GA,https://www.linkedin.com/company/rx-solutions-pharmacy
New Horizon Compounding,https://www.newhorizoncompounding.com,866-456-7890,Orlando,FL,https://www.linkedin.com/company/new-horizon-compounding
Progressive Compounding Pharmacy,https://www.progressivecompounding.com,888-567-8901,Houston,TX,https://www.linkedin.com/company/progressive-compounding-pharmacy
Summit Health Pharmacy,https://www.summithealthpharmacy.com,123-456-7890,Summit,NJ,https://www.linkedin.com/company/summit-health-pharmacy
Community Pharmacy,https://www.communitypharmacy.com,234-567-8901,Anytown,CA,https://www.linkedin.com/company/community-pharmacy
Life Science Pharmacy,https://www.lifesciencepharmacy.com,345-678-9012,Boston,MA,https://www.linkedin.com/company/life-science-pharmacy
Prime Compounding Center,https://www.primecompounding.com,456-789-0123,Dallas,TX,https://www.linkedin.com/company/prime-compounding-center
Integrated Care Pharmacy,https://www.integratedcarepharmacy.com,567-890-1234,Chicago,IL,https://www.linkedin.com/company/integrated-care-pharmacy
Evercare Pharmacy,https://www.evercarepharmacy.com,888-123-4567,San Diego,CA,https://www.linkedin.com/company/evercarepharmacy
RxWorks Pharmacy,https://www.rxworks.com,800-987-6543,Austin,TX,https://www.linkedin.com/company/rxworks
Precision RX,https://www.precisionrx.com,877-555-1234,Chicago,IL,https://www.linkedin.com/company/precisionrx
WellSpring Pharmacy,https://www.wellspringpharmacy.com,866-555-7890,Orlando,FL,https://www.linkedin.com/company/wellspringpharmacy
Hometown Pharmacy,https://www.hometownpharmacy.com,888-555-1111,Grand Rapids,MI,https://www.linkedin.com/company/hometownpharmacy
A to Z Pharmacy,http://www.atozpharmacy.com,123-456-7890,Anytown,CA,https://www.linkedin.com/company/a-to-z-pharmacy
Medrock Pharmacy,http://www.medrockpharmacy.com,234-567-8901,Somewhere,NY,https://www.linkedin.com/company/medrock-pharmacy
Rx Partners,http://www.rxpartners.com,345-678-9012,Anywhere,TX,https://www.linkedin.com/company/rx-partners
Cornerstone Pharmacy,http://www.cornerstonepharmacy.com,456-789-0123,Yourtown,FL,https://www.linkedin.com/company/cornerstone-pharmacy
Care Plus Pharmacy,http://www.carepluspharmacy.com,567-890-1234,Hometown,IL,https://www.linkedin.com/company/care-plus-pharmacy
Wellness Compounding,https://www.wellnesscompounding.com,888-123-4567,San Diego,CA,https://www.linkedin.com/company/wellness-compounding
Rx Innovations,https://www.rxinnovations.com,800-987-6543,Austin,TX,https://www.linkedin.com/company/rx-innovations
Precision Care Pharmacy,https://www.precisioncarepharmacy.com,888-555-1212,Orlando,FL,https://www.linkedin.com/company/precision-care-pharmacy
Community Wellness Pharmacy,https://www.communitywellnesspharmacy.com,877-555-9876,Seattle,WA,https://www.linkedin.com/company/community-wellness-pharmacy
Evergreen Health Pharmacy,https://www.evergreenhealthpharmacy.com,866-555-4321,Portland,OR,https://www.linkedin.com/company/evergreen-health-pharmacy
Advanced Compounding Center,http://www.advancedcompoundingcenter.com,888-555-0123,San Diego,CA,https://www.linkedin.com/company/advanced-compounding-center
LifeCare Pharmacy,http://www.lifecarepharmacy.com,800-555-0199,Houston,TX,https://www.linkedin.com/company/lifecare-pharmacy
Prime Wellness Pharmacy,http://www.primewellnesspharmacy.com,877-555-0145,Phoenix,AZ,https://www.linkedin.com/company/prime-wellness-pharmacy
Heritage RX,http://www.heritagerx.com,866-555-0188,Atlanta,GA,https://www.linkedin.com/company/heritage-rx
Integrated Pharmacy Group,http://www.integratedpharmacygroup.com,888-555-0177,Chicago,IL,https://www.linkedin.com/company/integrated-pharmacy-group
Advanced Wellness Pharmacy,https://www.advancedwellnesspharmacy.com,888-888-8888,Phoenix,AZ,https://www.linkedin.com/company/advanced-wellness-pharmacy
Precision Compounding Center,https://www.precisioncompounding.com,800-555-1234,San Diego,CA,https://www.linkedin.com/company/precision-compounding-center
Heritage Compounding,https://www.heritagecompounding.com,888-888-8888,Boca Raton,FL,https://www.linkedin.com/company/heritage-compounding
Summit Pharmacy,https://www.summitpharmacy.com,877-777-7777,Denver,CO,https://www.linkedin.com/company/summit-pharmacy
Neighborhood Compounding,https://www.neighborhoodcompounding.com,888-888-8888,Chicago,IL,https://www.linkedin.com/company/neighborhood-compounding
HealthFirst Pharmacy,https://www.healthfirstpharmacy.com,123-456-7890,New York,NY,https://www.linkedin.com/company/healthfirstpharmacy
Rx Care Solutions,https://www.rxcaresolutions.com,234-567-8901,Dallas,TX,https://www.linkedin.com/company/rxcaresolutions
Precision Wellness Pharmacy,https://www.precisionwellnesspharmacy.com,345-678-9012,Los Angeles,CA,https://www.linkedin.com/company/precisionwellnesspharmacy
Apex Wellness Pharmacy,https://www.apexwellnesspharmacy.com,456-789-0123,Chicago,IL,https://www.linkedin.com/company/apexwellnesspharmacy
Cornerstone RX,https://www.cornerstonerx.com,567-890-1234,Miami,FL,https://www.linkedin.com/company/cornerstonerx
LifePoint Pharmacy,https://www.lifepointpharmacy.com,888-123-4567,Nashville,TN,https://www.linkedin.com/company/lifepoint-pharmacy
Complete Wellness Pharmacy,https://www.completewellnesspharmacy.com,877-555-0123,Los Angeles,CA,https://www.linkedin.com/company/complete-wellness-pharmacy
Community RX,https://www.communityrx.com,800-555-0199,Chicago,IL,https://www.linkedin.com/company/community-rx
Evergreen RX,https://www.evergreenrx.com,888-555-0147,Seattle,WA,https://www.linkedin.com/company/evergreen-rx
Prime Care Compounding,https://www.primecarecompounding.com,866-555-0188,Phoenix,AZ,https://www.linkedin.com/company/prime-care-compounding
Precision Health Compounding,https://www.precisionhealthcompounding.com,888-123-4567,Phoenix,AZ,https://www.linkedin.com/company/precision-health-compounding
WellLife Pharmacy,https://www.welllifepharmacy.com,480-555-0199,Scottsdale,AZ,https://www.linkedin.com/company/welllife-pharmacy
Genesis RX,https://www.genesisrx.com,877-555-0123,Dallas,TX,https://www.linkedin.com/company/genesis-rx
Sun Valley Pharmacy,https://www.sunvalleypharmacy.com,208-555-0147,Nampa,ID,https://www.linkedin.com/company/sun-valley-pharmacy
Unity RX,https://www.unityrx.com,866-555-0188,Atlanta,GA,https://www.linkedin.com/company/unity-rx
Precision Compounding Solutions,https://www.precisioncompounding.com,800-800-8000,Henderson,NV,https://www.linkedin.com/company/precision-compounding-solutions
CareWell Pharmacy,https://www.carewellpharmacy.com,888-888-8888,Newark,NJ,https://www.linkedin.com/company/carewell-pharmacy
Advanced RX,https://www.advancedrx.com,877-877-8777,Phoenix,AZ,https://www.linkedin.com/company/advanced-rx
HealthWise Pharmacy,https://www.healthwisepharmacy.com,800-800-8000,Atlanta,GA,https://www.linkedin.com/company/healthwise-pharmacy
Wellness First Pharmacy,https://www.wellnessfirstpharmacy.com,888-888-8888,Orlando,FL,https://www.linkedin.com/company/wellness-first-pharmacy
Prime RX Compounding,https://primerxcompounding.com,888-123-4567,Phoenix,AZ,https://www.linkedin.com/company/prime-rx-compounding
Community Health Pharmacy,https://communityhealthpharmacy.com,555-987-6543,San Diego,CA,https://www.linkedin.com/company/community-health-pharmacy
LifeSpring Pharmacy,https://lifespringpharmacy.com,444-555-1212,Orlando,FL,https://www.linkedin.com/company/lifespring-pharmacy
Precision Med Pharmacy,https://precisionmedpharmacy.com,333-222-1111,Chicago,IL,https://www.linkedin.com/company/precision-med-pharmacy
Cornerstone Wellness Pharmacy,https://cornerstonewellnesspharmacy.com,222-333-4444,Austin,TX,https://www.linkedin.com/company/cornerstone-wellness-pharmacy
Advanced Care Pharmacy,https://www.advancedcarepharmacy.com,888-123-4567,San Antonio,TX,https://www.linkedin.com/company/advanced-care-pharmacy
Prime Health RX,https://www.primehealthrx.com,877-987-6543,Boca Raton,FL,https://www.linkedin.com/company/prime-health-rx
Precision Health Solutions,https://www.precisionhealthsolutions.com,800-555-0199,Phoenix,AZ,https://www.linkedin.com/company/precision-health-solutions
WellPath Pharmacy,https://www.wellpathpharmacy.com,844-555-0123,Nashville,TN,https://www.linkedin.com/company/wellpath-pharmacy
Community Compounding Center,https://www.communitycompoundingcenter.com,866-555-0147,Denver,CO,https://www.linkedin.com/company/community-compounding-center
Evercare RX,https://www.evercarerx.com,888-888-8888,San Diego,CA,https://www.linkedin.com/company/evercare-rx
LifeBalance Pharmacy,https://www.lifebalancepharmacy.com,888-123-4567,Phoenix,AZ,https://www.linkedin.com/company/lifebalance-pharmacy
Precision Plus RX,https://www.precisionplusrx.com,800-555-0199,Dallas,TX,https://www.linkedin.com/company/precision-plus-rx
HealthSource Pharmacy,https://www.healthsourcepharmacy.com,877-555-0123,Orlando,FL,https://www.linkedin.com/company/healthsource-pharmacy
Prime Wellness RX,https://www.primewellnessrx.com,888-555-0198,Chicago,IL,https://www.linkedin.com/company/prime-wellness-rx
Advanced Compounding Pharmacy,https://www.advancedcompoundingpharmacy.com,888-123-4567,San Diego,CA,https://www.linkedin.com/company/advanced-compounding-pharmacy
Precision RX Solutions,https://www.precisionrxsolutions.com,877-654-3210,Dallas,TX,https://www.linkedin.com/company/precision-rx-solutions
Community Wellness RX,https://www.communitywellnessrx.com,800-987-6543,Phoenix,AZ,https://www.linkedin.com/company/community-wellness-rx
LifeCare RX,https://www.lifecarerx.com,866-555-1212,Orlando,FL,https://www.linkedin.com/company/lifecare-rx
Prime Compounding Services,https://www.primecompounding.com,888-555-0000,Atlanta,GA,https://www.linkedin.com/company/prime-compounding-services
Wellness RX Pharmacy,https://www.wellnessrxpharmacy.com,888-123-4567,San Diego,CA,https://www.linkedin.com/company/wellness-rx-pharmacy
Precision Compounding Group,https://www.precisioncompounding.com,800-123-4567,San Antonio,TX,https://www.linkedin.com/company/precision-compounding-group
Community Health RX,https://www.communityhealthrx.com,888-987-6543,Chicago,IL,https://www.linkedin.com/company/community-health-rx
Advanced Wellness RX,https://www.advancedwellnessrx.com,877-654-3210,Los Angeles,CA,https://www.linkedin.com/company/advanced-wellness-rx
Prime RX Health,https://www.primerxhealth.com,800-555-1234,New York,NY,https://www.linkedin.com/company/prime-rx-health
Advanced RX Pharmacy,https://www.advancedrxpharmacy.com,888-123-4567,Phoenix,AZ,https://www.linkedin.com/company/advanced-rx-pharmacy
Precision Wellness RX,https://www.precisionwellnessrx.com,877-987-6543,Los Angeles,CA,https://www.linkedin.com/company/precision-wellness-rx
Community Compounding Pharmacy,https://www.communitycompoundingpharmacy.com,555-555-5555,Dallas,TX,https://www.linkedin.com/company/community-compounding-pharmacy
LifeCare Compounding,https://www.lifecarecompounding.com,800-123-4567,Orlando,FL,https://www.linkedin.com/company/lifecare-compounding
Prime RX Wellness,https://www.primerxwellness.com,844-321-0987,Seattle,WA,https://www.linkedin.com/company/prime-rx-wellness
Cornerstone Compounding Center,https://www.cornerstonecompounding.com,888-888-8888,Tampa,FL,https://www.linkedin.com/company/cornerstone-compounding-center
Advanced Care RX,https://www.advancedcarerx.com,800-123-4567,Phoenix,AZ,https://www.linkedin.com/company/advanced-care-rx
WellLife Compounding,https://www.welllifecompounding.com,888-555-1212,Boulder,CO,https://www.linkedin.com/company/welllife-compounding
Precision Health RX,https://www.precisionhealthrx.com,877-777-7777,Las Vegas,NV,https://www.linkedin.com/company/precision-health-rx
Community Wellness Compounding,https://www.communitywellnesscompounding.com,800-999-9999,Austin,TX,https://www.linkedin.com/company/community-wellness-compounding
Prime Compounding RX,https://www.primecompoundingrx.com,888-123-4567,Tampa,FL,https://www.linkedin.com/company/prime-compounding-rx
Advanced Wellness Compounding,https://www.advancedwellnesscompounding.com,888-765-4321,Phoenix,AZ,https://www.linkedin.com/company/advanced-wellness-compounding
Precision Care Compounding,https://www.precisioncarecompounding.com,800-555-0199,San Diego,CA,https://www.linkedin.com/company/precision-care-compounding
LifeSpring Compounding,https://www.lifespringcompounding.com,877-555-0123,Nashville,TN,https://www.linkedin.com/company/lifespring-compounding
Cornerstone RX Compounding,https://www.cornerstonerx.com,866-555-0147,Dallas,TX,https://www.linkedin.com/company/cornerstone-rx-compounding
Wellness First RX,https://wellnessfirstrx.com,888-123-4567,Phoenix,AZ,https://www.linkedin.com/company/wellness-first-rx
Precision Med Compounding,https://precisionmedcompounding.com,888-234-5678,Tucson,AZ,https://www.linkedin.com/company/precision-med-compounding
Community Health Compounding,https://communityhealthcompounding.com,888-345-6789,San Diego,CA,https://www.linkedin.com/company/community-health-compounding
Prime Health Compounding,https://primehealthcompounding.com,888-456-7890,Dallas,TX,https://www.linkedin.com/company/prime-health-compounding
Advanced RX Solutions,https://advancedrxsolutions.com,888-567-8901,Orlando,FL,https://www.linkedin.com/company/advanced-rx-solutions
Precision Compounding RX,https://www.precisioncompoundingrx.com,888-123-4567,Phoenix,AZ,https://www.linkedin.com/company/precision-compounding-rx
LifeBalance Compounding,https://www.lifebalancecompounding.com,888-234-5678,San Diego,CA,https://www.linkedin.com/company/lifebalance-compounding
Cornerstone Wellness RX,https://www.cornerstonewellnessrx.com,888-345-6789,Austin,TX,https://www.linkedin.com/company/cornerstone-wellness-rx
WellCare Compounding,https://www.wellcarecompounding.com,888-456-7890,Orlando,FL,https://www.linkedin.com/company/wellcare-compounding
Prime RX Compounding Center,https://www.primerxcompounding.com,888-567-8901,Chicago,IL,https://www.linkedin.com/company/prime-rx-compounding-center
Community RX Compounding,https://communityrx.com,888-123-4567,San Diego,CA,https://www.linkedin.com/company/community-rx-compounding
Prime Wellness Compounding,https://primewellnessrx.com,877-987-6543,Phoenix,AZ,https://www.linkedin.com/company/prime-wellness-compounding
Advanced Care Compounding,https://advancedcarecompounding.com,800-555-0199,Orlando,FL,https://www.linkedin.com/company/advanced-care-compounding
Precision RX Compounding,https://precisionrx.com,866-555-0123,Dallas,TX,https://www.linkedin.com/company/precision-rx-compounding
LifeSource Compounding,https://lifesourcecompounding.com,877-555-0198,Los Angeles,CA,https://www.linkedin.com/company/lifesource-compounding
Cornerstone Health RX,https://www.cornerstonehealthrx.com,888-123-4567,Phoenix,AZ,https://www.linkedin.com/company/cornerstonehealthrx
Wellness Plus Compounding,https://www.wellnesspluscompounding.com,800-234-5678,Henderson,NV,https://www.linkedin.com/company/wellness-plus-compounding
Prime Compounding Pharmacy,https://www.primecompounding.com,877-345-6789,Tampa,FL,https://www.linkedin.com/company/prime-compounding-pharmacy
Advanced RX Compounding,https://www.advancedrxcompounding.com,866-456-7890,San Diego,CA,https://www.linkedin.com/company/advanced-rx-compounding
Precision Wellness Compounding,https://www.precisionwellnesscompounding.com,888-567-8901,Austin,TX,https://www.linkedin.com/company/precision-wellness-compounding
Community Care RX,https://www.communitycarerx.com,888-888-8888,Birmingham,AL,https://www.linkedin.com/company/community-care-rx
Prime Health Wellness RX,https://www.primehealthwellnessrx.com,888-888-8888,Phoenix,AZ,https://www.linkedin.com/company/prime-health-wellness-rx
Advanced Compounding RX,https://www.advancedcompoundingrx.com,888-888-8888,Dallas,TX,https://www.linkedin.com/company/advanced-compounding-rx
Precision Compounding Services,https://www.precisioncompounding.com,888-888-8888,Henderson,NV,https://www.linkedin.com/company/precision-compounding-services
LifeWell Compounding,https://www.lifewellcompounding.com,888-888-8888,Orlando,FL,https://www.linkedin.com/company/lifewell-compounding
Cornerstone RX Wellness,https://cornerstonerxwellness.com,888-123-4567,Phoenix,AZ,https://www.linkedin.com/company/cornerstone-rx-wellness
WellSource Compounding,https://wellsourcecompounding.com,555-987-6543,San Diego,CA,https://www.linkedin.com/company/wellsource-compounding
Prime RX Specialty,https://primerxspecialty.com,800-555-0199,Dallas,TX,https://www.linkedin.com/company/prime-rx-specialty
Community Pharmacy Solutions,https://communitypharmacysolutions.com,877-555-0123,Atlanta,GA,https://www.linkedin.com/company/community-pharmacy-solutions
Cornerstone Compounding,https://cornerstonecompounding.com,888-555-0198,Orlando,FL,https://www.linkedin.com/company/cornerstone-compounding
LifeCare RX Compounding,https://www.lifecarerx.com,888-123-4567,Henderson,NV,https://www.linkedin.com/company/lifecare-rx-compounding
Wellness Compounding Center,https://www.wellnesscompoundingcenter.com,800-987-6543,Austin,TX,https://www.linkedin.com/company/wellness-compounding-center
Advanced Compounding Solutions,https://www.advancedcompounding.com,888-555-1212,San Diego,CA,https://www.linkedin.com/company/advanced-compounding-solutions
Precision RX Pharmacy,https://www.precisionrxpharmacy.com,877-456-7890,Orlando,FL,https://www.linkedin.com/company/precision-rx-pharmacy
Community RX Wellness,https://www.communityrxwellness.com,800-654-3210,Chicago,IL,https://www.linkedin.com/company/community-rx-wellness
Wellness RX Compounding,https://wellnessrxcompounding.com,888-123-4567,Phoenix,AZ,https://www.linkedin.com/company/wellness-rx-compounding
Wellness First Compounding,https://wellnessfirstcompounding.com,888-765-4321,Tampa,FL,https://www.linkedin.com/company/wellness-first-compounding
Prime Compounding Solutions,https://primecompounding.com,800-555-0199,Dallas,TX,https://www.linkedin.com/company/prime-compounding-solutions
Advanced RX Wellness,https://advancedrxwellness.com,877-555-0199,Los Angeles,CA,https://www.linkedin.com/company/advanced-rx-wellness
Wellness RX Solutions,https://wellnessrxsolutions.com,800-123-4567,Chicago,IL,https://www.linkedin.com/company/wellness-rx-solutions
Cornerstone Compounding RX,https://cornerstonecompoundingrx.com,888-888-8888,Phoenix,AZ,https://www.linkedin.com/company/cornerstone-compounding-rx
Precision RX Wellness,https://precisionrxwellness.com,480-555-1212,Scottsdale,AZ,https://www.linkedin.com/company/precision-rx-wellness
LifeWell RX,https://lifewellrx.com,877-777-7777,Los Angeles,CA,https://www.linkedin.com/company/lifewell-rx
