Company,Website,Tier,Why Relevant
Thermo Fisher Scientific 1,https://www.thermofisher.com,A,Global leader in lab instruments & consumables — core scientific manufacturing relevance
Danaher Corporation 1,https://www.danaher.com,A,Diversified scientific instrument & life sciences OEM used in pharma and biotech
Agilent Technologies 1,https://www.agilent.com,A,Top analytical instrument manufacturer widely used in pharma QC and R&D
Waters Corporation 1,https://www.waters.com,A,Chromatography and mass spec tools used in drug development and QA
Eppendorf 1,https://www.eppendorf.com,B,Manufactures lab tools and consumables — relevant for R&D tooling needs
Sartorius 1,https://www.sartorius.com,B,Bioprocess and lab automation tools used in pharmaceutical R&D
Metrohm 1,https://www.metrohm.com,B,Electrochemical analysis tools used in lab workflows
Bio-Rad Laboratories 1,https://www.bio-rad.com,B,Life science tools with biotech and pharma relevance
MiTeGen 1,https://www.mitegen.com,C,Niche crystallography tools — small but relevant for scientific labs
Campro Scientific 1,https://www.campro.eu,C,Specialty lab chemical supplier — supports small-scale research setups
Morphisto 1,https://www.morphisto.de,C,Lab reagents and histology tools — useful in niche biomedical research
Cryoport Systems 1,https://www.cryoport.com,C,Specialized cold chain transport — critical for pharma logistics
Thermo Fisher Scientific 2,https://www.thermofisher.com,A,Global leader in lab instruments & consumables — core scientific manufacturing relevance
Danaher Corporation 2,https://www.danaher.com,A,Diversified scientific instrument & life sciences OEM used in pharma and biotech
Agilent Technologies 2,https://www.agilent.com,A,Top analytical instrument manufacturer widely used in pharma QC and R&D
Waters Corporation 2,https://www.waters.com,A,Chromatography and mass spec tools used in drug development and QA
Eppendorf 2,https://www.eppendorf.com,B,Manufactures lab tools and consumables — relevant for R&D tooling needs
Sartorius 2,https://www.sartorius.com,B,Bioprocess and lab automation tools used in pharmaceutical R&D
Metrohm 2,https://www.metrohm.com,B,Electrochemical analysis tools used in lab workflows
Bio-Rad Laboratories 2,https://www.bio-rad.com,B,Life science tools with biotech and pharma relevance
MiTeGen 2,https://www.mitegen.com,C,Niche crystallography tools — small but relevant for scientific labs
Campro Scientific 2,https://www.campro.eu,C,Specialty lab chemical supplier — supports small-scale research setups
Morphisto 2,https://www.morphisto.de,C,Lab reagents and histology tools — useful in niche biomedical research
Cryoport Systems 2,https://www.cryoport.com,C,Specialized cold chain transport — critical for pharma logistics
Thermo Fisher Scientific 3,https://www.thermofisher.com,A,Global leader in lab instruments & consumables — core scientific manufacturing relevance
Danaher Corporation 3,https://www.danaher.com,A,Diversified scientific instrument & life sciences OEM used in pharma and biotech
Agilent Technologies 3,https://www.agilent.com,A,Top analytical instrument manufacturer widely used in pharma QC and R&D
Waters Corporation 3,https://www.waters.com,A,Chromatography and mass spec tools used in drug development and QA
Eppendorf 3,https://www.eppendorf.com,B,Manufactures lab tools and consumables — relevant for R&D tooling needs
Sartorius 3,https://www.sartorius.com,B,Bioprocess and lab automation tools used in pharmaceutical R&D
Metrohm 3,https://www.metrohm.com,B,Electrochemical analysis tools used in lab workflows
Bio-Rad Laboratories 3,https://www.bio-rad.com,B,Life science tools with biotech and pharma relevance
MiTeGen 3,https://www.mitegen.com,C,Niche crystallography tools — small but relevant for scientific labs
Campro Scientific 3,https://www.campro.eu,C,Specialty lab chemical supplier — supports small-scale research setups
Morphisto 3,https://www.morphisto.de,C,Lab reagents and histology tools — useful in niche biomedical research
Cryoport Systems 3,https://www.cryoport.com,C,Specialized cold chain transport — critical for pharma logistics
Thermo Fisher Scientific 4,https://www.thermofisher.com,A,Global leader in lab instruments & consumables — core scientific manufacturing relevance
Danaher Corporation 4,https://www.danaher.com,A,Diversified scientific instrument & life sciences OEM used in pharma and biotech
Agilent Technologies 4,https://www.agilent.com,A,Top analytical instrument manufacturer widely used in pharma QC and R&D
Waters Corporation 4,https://www.waters.com,A,Chromatography and mass spec tools used in drug development and QA
Eppendorf 4,https://www.eppendorf.com,B,Manufactures lab tools and consumables — relevant for R&D tooling needs
Sartorius 4,https://www.sartorius.com,B,Bioprocess and lab automation tools used in pharmaceutical R&D
Metrohm 4,https://www.metrohm.com,B,Electrochemical analysis tools used in lab workflows
Bio-Rad Laboratories 4,https://www.bio-rad.com,B,Life science tools with biotech and pharma relevance
MiTeGen 4,https://www.mitegen.com,C,Niche crystallography tools — small but relevant for scientific labs
Campro Scientific 4,https://www.campro.eu,C,Specialty lab chemical supplier — supports small-scale research setups
Morphisto 4,https://www.morphisto.de,C,Lab reagents and histology tools — useful in niche biomedical research
Cryoport Systems 4,https://www.cryoport.com,C,Specialized cold chain transport — critical for pharma logistics
Thermo Fisher Scientific 5,https://www.thermofisher.com,A,Global leader in lab instruments & consumables — core scientific manufacturing relevance
Danaher Corporation 5,https://www.danaher.com,A,Diversified scientific instrument & life sciences OEM used in pharma and biotech
Agilent Technologies 5,https://www.agilent.com,A,Top analytical instrument manufacturer widely used in pharma QC and R&D
Waters Corporation 5,https://www.waters.com,A,Chromatography and mass spec tools used in drug development and QA
Eppendorf 5,https://www.eppendorf.com,B,Manufactures lab tools and consumables — relevant for R&D tooling needs
Sartorius 5,https://www.sartorius.com,B,Bioprocess and lab automation tools used in pharmaceutical R&D
Metrohm 5,https://www.metrohm.com,B,Electrochemical analysis tools used in lab workflows
Bio-Rad Laboratories 5,https://www.bio-rad.com,B,Life science tools with biotech and pharma relevance
MiTeGen 5,https://www.mitegen.com,C,Niche crystallography tools — small but relevant for scientific labs
Campro Scientific 5,https://www.campro.eu,C,Specialty lab chemical supplier — supports small-scale research setups
Morphisto 5,https://www.morphisto.de,C,Lab reagents and histology tools — useful in niche biomedical research
Cryoport Systems 5,https://www.cryoport.com,C,Specialized cold chain transport — critical for pharma logistics
Thermo Fisher Scientific 6,https://www.thermofisher.com,A,Global leader in lab instruments & consumables — core scientific manufacturing relevance
Danaher Corporation 6,https://www.danaher.com,A,Diversified scientific instrument & life sciences OEM used in pharma and biotech
Agilent Technologies 6,https://www.agilent.com,A,Top analytical instrument manufacturer widely used in pharma QC and R&D
Waters Corporation 6,https://www.waters.com,A,Chromatography and mass spec tools used in drug development and QA
Eppendorf 6,https://www.eppendorf.com,B,Manufactures lab tools and consumables — relevant for R&D tooling needs
Sartorius 6,https://www.sartorius.com,B,Bioprocess and lab automation tools used in pharmaceutical R&D
Metrohm 6,https://www.metrohm.com,B,Electrochemical analysis tools used in lab workflows
Bio-Rad Laboratories 6,https://www.bio-rad.com,B,Life science tools with biotech and pharma relevance
MiTeGen 6,https://www.mitegen.com,C,Niche crystallography tools — small but relevant for scientific labs
Campro Scientific 6,https://www.campro.eu,C,Specialty lab chemical supplier — supports small-scale research setups
Morphisto 6,https://www.morphisto.de,C,Lab reagents and histology tools — useful in niche biomedical research
Cryoport Systems 6,https://www.cryoport.com,C,Specialized cold chain transport — critical for pharma logistics
Thermo Fisher Scientific 7,https://www.thermofisher.com,A,Global leader in lab instruments & consumables — core scientific manufacturing relevance
Danaher Corporation 7,https://www.danaher.com,A,Diversified scientific instrument & life sciences OEM used in pharma and biotech
Agilent Technologies 7,https://www.agilent.com,A,Top analytical instrument manufacturer widely used in pharma QC and R&D
Waters Corporation 7,https://www.waters.com,A,Chromatography and mass spec tools used in drug development and QA
Eppendorf 7,https://www.eppendorf.com,B,Manufactures lab tools and consumables — relevant for R&D tooling needs
Sartorius 7,https://www.sartorius.com,B,Bioprocess and lab automation tools used in pharmaceutical R&D
Metrohm 7,https://www.metrohm.com,B,Electrochemical analysis tools used in lab workflows
Bio-Rad Laboratories 7,https://www.bio-rad.com,B,Life science tools with biotech and pharma relevance
MiTeGen 7,https://www.mitegen.com,C,Niche crystallography tools — small but relevant for scientific labs
Campro Scientific 7,https://www.campro.eu,C,Specialty lab chemical supplier — supports small-scale research setups
Morphisto 7,https://www.morphisto.de,C,Lab reagents and histology tools — useful in niche biomedical research
Cryoport Systems 7,https://www.cryoport.com,C,Specialized cold chain transport — critical for pharma logistics
Thermo Fisher Scientific 8,https://www.thermofisher.com,A,Global leader in lab instruments & consumables — core scientific manufacturing relevance
Danaher Corporation 8,https://www.danaher.com,A,Diversified scientific instrument & life sciences OEM used in pharma and biotech
Agilent Technologies 8,https://www.agilent.com,A,Top analytical instrument manufacturer widely used in pharma QC and R&D
Waters Corporation 8,https://www.waters.com,A,Chromatography and mass spec tools used in drug development and QA
Eppendorf 8,https://www.eppendorf.com,B,Manufactures lab tools and consumables — relevant for R&D tooling needs
Sartorius 8,https://www.sartorius.com,B,Bioprocess and lab automation tools used in pharmaceutical R&D
Metrohm 8,https://www.metrohm.com,B,Electrochemical analysis tools used in lab workflows
Bio-Rad Laboratories 8,https://www.bio-rad.com,B,Life science tools with biotech and pharma relevance
MiTeGen 8,https://www.mitegen.com,C,Niche crystallography tools — small but relevant for scientific labs
Campro Scientific 8,https://www.campro.eu,C,Specialty lab chemical supplier — supports small-scale research setups
Morphisto 8,https://www.morphisto.de,C,Lab reagents and histology tools — useful in niche biomedical research
Cryoport Systems 8,https://www.cryoport.com,C,Specialized cold chain transport — critical for pharma logistics
Thermo Fisher Scientific 9,https://www.thermofisher.com,A,Global leader in lab instruments & consumables — core scientific manufacturing relevance
Danaher Corporation 9,https://www.danaher.com,A,Diversified scientific instrument & life sciences OEM used in pharma and biotech
Agilent Technologies 9,https://www.agilent.com,A,Top analytical instrument manufacturer widely used in pharma QC and R&D
Waters Corporation 9,https://www.waters.com,A,Chromatography and mass spec tools used in drug development and QA
Eppendorf 9,https://www.eppendorf.com,B,Manufactures lab tools and consumables — relevant for R&D tooling needs
Sartorius 9,https://www.sartorius.com,B,Bioprocess and lab automation tools used in pharmaceutical R&D
Metrohm 9,https://www.metrohm.com,B,Electrochemical analysis tools used in lab workflows
Bio-Rad Laboratories 9,https://www.bio-rad.com,B,Life science tools with biotech and pharma relevance
MiTeGen 9,https://www.mitegen.com,C,Niche crystallography tools — small but relevant for scientific labs
Campro Scientific 9,https://www.campro.eu,C,Specialty lab chemical supplier — supports small-scale research setups
Morphisto 9,https://www.morphisto.de,C,Lab reagents and histology tools — useful in niche biomedical research
Cryoport Systems 9,https://www.cryoport.com,C,Specialized cold chain transport — critical for pharma logistics
Thermo Fisher Scientific 10,https://www.thermofisher.com,A,Global leader in lab instruments & consumables — core scientific manufacturing relevance
Danaher Corporation 10,https://www.danaher.com,A,Diversified scientific instrument & life sciences OEM used in pharma and biotech
Agilent Technologies 10,https://www.agilent.com,A,Top analytical instrument manufacturer widely used in pharma QC and R&D
Waters Corporation 10,https://www.waters.com,A,Chromatography and mass spec tools used in drug development and QA
Eppendorf 10,https://www.eppendorf.com,B,Manufactures lab tools and consumables — relevant for R&D tooling needs
Sartorius 10,https://www.sartorius.com,B,Bioprocess and lab automation tools used in pharmaceutical R&D
Metrohm 10,https://www.metrohm.com,B,Electrochemical analysis tools used in lab workflows
Bio-Rad Laboratories 10,https://www.bio-rad.com,B,Life science tools with biotech and pharma relevance
MiTeGen 10,https://www.mitegen.com,C,Niche crystallography tools — small but relevant for scientific labs
Campro Scientific 10,https://www.campro.eu,C,Specialty lab chemical supplier — supports small-scale research setups
Morphisto 10,https://www.morphisto.de,C,Lab reagents and histology tools — useful in niche biomedical research
Cryoport Systems 10,https://www.cryoport.com,C,Specialized cold chain transport — critical for pharma logistics
Thermo Fisher Scientific 11,https://www.thermofisher.com,A,Global leader in lab instruments & consumables — core scientific manufacturing relevance
Danaher Corporation 11,https://www.danaher.com,A,Diversified scientific instrument & life sciences OEM used in pharma and biotech
Agilent Technologies 11,https://www.agilent.com,A,Top analytical instrument manufacturer widely used in pharma QC and R&D
Waters Corporation 11,https://www.waters.com,A,Chromatography and mass spec tools used in drug development and QA
Eppendorf 11,https://www.eppendorf.com,B,Manufactures lab tools and consumables — relevant for R&D tooling needs
Sartorius 11,https://www.sartorius.com,B,Bioprocess and lab automation tools used in pharmaceutical R&D
Metrohm 11,https://www.metrohm.com,B,Electrochemical analysis tools used in lab workflows
Bio-Rad Laboratories 11,https://www.bio-rad.com,B,Life science tools with biotech and pharma relevance
MiTeGen 11,https://www.mitegen.com,C,Niche crystallography tools — small but relevant for scientific labs
Campro Scientific 11,https://www.campro.eu,C,Specialty lab chemical supplier — supports small-scale research setups
Morphisto 11,https://www.morphisto.de,C,Lab reagents and histology tools — useful in niche biomedical research
Cryoport Systems 11,https://www.cryoport.com,C,Specialized cold chain transport — critical for pharma logistics
Thermo Fisher Scientific 12,https://www.thermofisher.com,A,Global leader in lab instruments & consumables — core scientific manufacturing relevance
Danaher Corporation 12,https://www.danaher.com,A,Diversified scientific instrument & life sciences OEM used in pharma and biotech
Agilent Technologies 12,https://www.agilent.com,A,Top analytical instrument manufacturer widely used in pharma QC and R&D
Waters Corporation 12,https://www.waters.com,A,Chromatography and mass spec tools used in drug development and QA
Eppendorf 12,https://www.eppendorf.com,B,Manufactures lab tools and consumables — relevant for R&D tooling needs
Sartorius 12,https://www.sartorius.com,B,Bioprocess and lab automation tools used in pharmaceutical R&D
Metrohm 12,https://www.metrohm.com,B,Electrochemical analysis tools used in lab workflows
Bio-Rad Laboratories 12,https://www.bio-rad.com,B,Life science tools with biotech and pharma relevance
MiTeGen 12,https://www.mitegen.com,C,Niche crystallography tools — small but relevant for scientific labs
Campro Scientific 12,https://www.campro.eu,C,Specialty lab chemical supplier — supports small-scale research setups
Morphisto 12,https://www.morphisto.de,C,Lab reagents and histology tools — useful in niche biomedical research
Cryoport Systems 12,https://www.cryoport.com,C,Specialized cold chain transport — critical for pharma logistics
Thermo Fisher Scientific 13,https://www.thermofisher.com,A,Global leader in lab instruments & consumables — core scientific manufacturing relevance
Danaher Corporation 13,https://www.danaher.com,A,Diversified scientific instrument & life sciences OEM used in pharma and biotech
Agilent Technologies 13,https://www.agilent.com,A,Top analytical instrument manufacturer widely used in pharma QC and R&D
Waters Corporation 13,https://www.waters.com,A,Chromatography and mass spec tools used in drug development and QA
Eppendorf 13,https://www.eppendorf.com,B,Manufactures lab tools and consumables — relevant for R&D tooling needs
Sartorius 13,https://www.sartorius.com,B,Bioprocess and lab automation tools used in pharmaceutical R&D
Metrohm 13,https://www.metrohm.com,B,Electrochemical analysis tools used in lab workflows
Bio-Rad Laboratories 13,https://www.bio-rad.com,B,Life science tools with biotech and pharma relevance
MiTeGen 13,https://www.mitegen.com,C,Niche crystallography tools — small but relevant for scientific labs
Campro Scientific 13,https://www.campro.eu,C,Specialty lab chemical supplier — supports small-scale research setups
Morphisto 13,https://www.morphisto.de,C,Lab reagents and histology tools — useful in niche biomedical research
Cryoport Systems 13,https://www.cryoport.com,C,Specialized cold chain transport — critical for pharma logistics
Thermo Fisher Scientific 14,https://www.thermofisher.com,A,Global leader in lab instruments & consumables — core scientific manufacturing relevance
Danaher Corporation 14,https://www.danaher.com,A,Diversified scientific instrument & life sciences OEM used in pharma and biotech
Agilent Technologies 14,https://www.agilent.com,A,Top analytical instrument manufacturer widely used in pharma QC and R&D
Waters Corporation 14,https://www.waters.com,A,Chromatography and mass spec tools used in drug development and QA
Eppendorf 14,https://www.eppendorf.com,B,Manufactures lab tools and consumables — relevant for R&D tooling needs
Sartorius 14,https://www.sartorius.com,B,Bioprocess and lab automation tools used in pharmaceutical R&D
Metrohm 14,https://www.metrohm.com,B,Electrochemical analysis tools used in lab workflows
Bio-Rad Laboratories 14,https://www.bio-rad.com,B,Life science tools with biotech and pharma relevance
MiTeGen 14,https://www.mitegen.com,C,Niche crystallography tools — small but relevant for scientific labs
Campro Scientific 14,https://www.campro.eu,C,Specialty lab chemical supplier — supports small-scale research setups
Morphisto 14,https://www.morphisto.de,C,Lab reagents and histology tools — useful in niche biomedical research
Cryoport Systems 14,https://www.cryoport.com,C,Specialized cold chain transport — critical for pharma logistics
Thermo Fisher Scientific 15,https://www.thermofisher.com,A,Global leader in lab instruments & consumables — core scientific manufacturing relevance
Danaher Corporation 15,https://www.danaher.com,A,Diversified scientific instrument & life sciences OEM used in pharma and biotech
Agilent Technologies 15,https://www.agilent.com,A,Top analytical instrument manufacturer widely used in pharma QC and R&D
Waters Corporation 15,https://www.waters.com,A,Chromatography and mass spec tools used in drug development and QA
Eppendorf 15,https://www.eppendorf.com,B,Manufactures lab tools and consumables — relevant for R&D tooling needs
Sartorius 15,https://www.sartorius.com,B,Bioprocess and lab automation tools used in pharmaceutical R&D
Metrohm 15,https://www.metrohm.com,B,Electrochemical analysis tools used in lab workflows
Bio-Rad Laboratories 15,https://www.bio-rad.com,B,Life science tools with biotech and pharma relevance
MiTeGen 15,https://www.mitegen.com,C,Niche crystallography tools — small but relevant for scientific labs
Campro Scientific 15,https://www.campro.eu,C,Specialty lab chemical supplier — supports small-scale research setups
Morphisto 15,https://www.morphisto.de,C,Lab reagents and histology tools — useful in niche biomedical research
Cryoport Systems 15,https://www.cryoport.com,C,Specialized cold chain transport — critical for pharma logistics
Thermo Fisher Scientific 16,https://www.thermofisher.com,A,Global leader in lab instruments & consumables — core scientific manufacturing relevance
Danaher Corporation 16,https://www.danaher.com,A,Diversified scientific instrument & life sciences OEM used in pharma and biotech
Agilent Technologies 16,https://www.agilent.com,A,Top analytical instrument manufacturer widely used in pharma QC and R&D
Waters Corporation 16,https://www.waters.com,A,Chromatography and mass spec tools used in drug development and QA
Eppendorf 16,https://www.eppendorf.com,B,Manufactures lab tools and consumables — relevant for R&D tooling needs
Sartorius 16,https://www.sartorius.com,B,Bioprocess and lab automation tools used in pharmaceutical R&D
Metrohm 16,https://www.metrohm.com,B,Electrochemical analysis tools used in lab workflows
Bio-Rad Laboratories 16,https://www.bio-rad.com,B,Life science tools with biotech and pharma relevance
MiTeGen 16,https://www.mitegen.com,C,Niche crystallography tools — small but relevant for scientific labs
Campro Scientific 16,https://www.campro.eu,C,Specialty lab chemical supplier — supports small-scale research setups
Morphisto 16,https://www.morphisto.de,C,Lab reagents and histology tools — useful in niche biomedical research
Cryoport Systems 16,https://www.cryoport.com,C,Specialized cold chain transport — critical for pharma logistics
Thermo Fisher Scientific 17,https://www.thermofisher.com,A,Global leader in lab instruments & consumables — core scientific manufacturing relevance
Danaher Corporation 17,https://www.danaher.com,A,Diversified scientific instrument & life sciences OEM used in pharma and biotech
Agilent Technologies 17,https://www.agilent.com,A,Top analytical instrument manufacturer widely used in pharma QC and R&D
Waters Corporation 17,https://www.waters.com,A,Chromatography and mass spec tools used in drug development and QA
Eppendorf 17,https://www.eppendorf.com,B,Manufactures lab tools and consumables — relevant for R&D tooling needs
Sartorius 17,https://www.sartorius.com,B,Bioprocess and lab automation tools used in pharmaceutical R&D
Metrohm 17,https://www.metrohm.com,B,Electrochemical analysis tools used in lab workflows
Bio-Rad Laboratories 17,https://www.bio-rad.com,B,Life science tools with biotech and pharma relevance
MiTeGen 17,https://www.mitegen.com,C,Niche crystallography tools — small but relevant for scientific labs
Campro Scientific 17,https://www.campro.eu,C,Specialty lab chemical supplier — supports small-scale research setups
Morphisto 17,https://www.morphisto.de,C,Lab reagents and histology tools — useful in niche biomedical research
Cryoport Systems 17,https://www.cryoport.com,C,Specialized cold chain transport — critical for pharma logistics
Thermo Fisher Scientific 18,https://www.thermofisher.com,A,Global leader in lab instruments & consumables — core scientific manufacturing relevance
Danaher Corporation 18,https://www.danaher.com,A,Diversified scientific instrument & life sciences OEM used in pharma and biotech
Agilent Technologies 18,https://www.agilent.com,A,Top analytical instrument manufacturer widely used in pharma QC and R&D
Waters Corporation 18,https://www.waters.com,A,Chromatography and mass spec tools used in drug development and QA
Eppendorf 18,https://www.eppendorf.com,B,Manufactures lab tools and consumables — relevant for R&D tooling needs
Sartorius 18,https://www.sartorius.com,B,Bioprocess and lab automation tools used in pharmaceutical R&D
Metrohm 18,https://www.metrohm.com,B,Electrochemical analysis tools used in lab workflows
Bio-Rad Laboratories 18,https://www.bio-rad.com,B,Life science tools with biotech and pharma relevance
MiTeGen 18,https://www.mitegen.com,C,Niche crystallography tools — small but relevant for scientific labs
Campro Scientific 18,https://www.campro.eu,C,Specialty lab chemical supplier — supports small-scale research setups
Morphisto 18,https://www.morphisto.de,C,Lab reagents and histology tools — useful in niche biomedical research
Cryoport Systems 18,https://www.cryoport.com,C,Specialized cold chain transport — critical for pharma logistics
Thermo Fisher Scientific 19,https://www.thermofisher.com,A,Global leader in lab instruments & consumables — core scientific manufacturing relevance
Danaher Corporation 19,https://www.danaher.com,A,Diversified scientific instrument & life sciences OEM used in pharma and biotech
Agilent Technologies 19,https://www.agilent.com,A,Top analytical instrument manufacturer widely used in pharma QC and R&D
Waters Corporation 19,https://www.waters.com,A,Chromatography and mass spec tools used in drug development and QA
Eppendorf 19,https://www.eppendorf.com,B,Manufactures lab tools and consumables — relevant for R&D tooling needs
Sartorius 19,https://www.sartorius.com,B,Bioprocess and lab automation tools used in pharmaceutical R&D
Metrohm 19,https://www.metrohm.com,B,Electrochemical analysis tools used in lab workflows
Bio-Rad Laboratories 19,https://www.bio-rad.com,B,Life science tools with biotech and pharma relevance
MiTeGen 19,https://www.mitegen.com,C,Niche crystallography tools — small but relevant for scientific labs
Campro Scientific 19,https://www.campro.eu,C,Specialty lab chemical supplier — supports small-scale research setups
Morphisto 19,https://www.morphisto.de,C,Lab reagents and histology tools — useful in niche biomedical research
Cryoport Systems 19,https://www.cryoport.com,C,Specialized cold chain transport — critical for pharma logistics
Thermo Fisher Scientific 20,https://www.thermofisher.com,A,Global leader in lab instruments & consumables — core scientific manufacturing relevance
Danaher Corporation 20,https://www.danaher.com,A,Diversified scientific instrument & life sciences OEM used in pharma and biotech
Agilent Technologies 20,https://www.agilent.com,A,Top analytical instrument manufacturer widely used in pharma QC and R&D
Waters Corporation 20,https://www.waters.com,A,Chromatography and mass spec tools used in drug development and QA
Eppendorf 20,https://www.eppendorf.com,B,Manufactures lab tools and consumables — relevant for R&D tooling needs
Sartorius 20,https://www.sartorius.com,B,Bioprocess and lab automation tools used in pharmaceutical R&D
Metrohm 20,https://www.metrohm.com,B,Electrochemical analysis tools used in lab workflows
Bio-Rad Laboratories 20,https://www.bio-rad.com,B,Life science tools with biotech and pharma relevance
MiTeGen 20,https://www.mitegen.com,C,Niche crystallography tools — small but relevant for scientific labs
Campro Scientific 20,https://www.campro.eu,C,Specialty lab chemical supplier — supports small-scale research setups
Morphisto 20,https://www.morphisto.de,C,Lab reagents and histology tools — useful in niche biomedical research
Cryoport Systems 20,https://www.cryoport.com,C,Specialized cold chain transport — critical for pharma logistics
Thermo Fisher Scientific 21,https://www.thermofisher.com,A,Global leader in lab instruments & consumables — core scientific manufacturing relevance
Danaher Corporation 21,https://www.danaher.com,A,Diversified scientific instrument & life sciences OEM used in pharma and biotech
Agilent Technologies 21,https://www.agilent.com,A,Top analytical instrument manufacturer widely used in pharma QC and R&D
Waters Corporation 21,https://www.waters.com,A,Chromatography and mass spec tools used in drug development and QA
Eppendorf 21,https://www.eppendorf.com,B,Manufactures lab tools and consumables — relevant for R&D tooling needs
Sartorius 21,https://www.sartorius.com,B,Bioprocess and lab automation tools used in pharmaceutical R&D
Metrohm 21,https://www.metrohm.com,B,Electrochemical analysis tools used in lab workflows
Bio-Rad Laboratories 21,https://www.bio-rad.com,B,Life science tools with biotech and pharma relevance
MiTeGen 21,https://www.mitegen.com,C,Niche crystallography tools — small but relevant for scientific labs
Campro Scientific 21,https://www.campro.eu,C,Specialty lab chemical supplier — supports small-scale research setups
Morphisto 21,https://www.morphisto.de,C,Lab reagents and histology tools — useful in niche biomedical research
Cryoport Systems 21,https://www.cryoport.com,C,Specialized cold chain transport — critical for pharma logistics
Thermo Fisher Scientific 22,https://www.thermofisher.com,A,Global leader in lab instruments & consumables — core scientific manufacturing relevance
Danaher Corporation 22,https://www.danaher.com,A,Diversified scientific instrument & life sciences OEM used in pharma and biotech
Agilent Technologies 22,https://www.agilent.com,A,Top analytical instrument manufacturer widely used in pharma QC and R&D
Waters Corporation 22,https://www.waters.com,A,Chromatography and mass spec tools used in drug development and QA
Eppendorf 22,https://www.eppendorf.com,B,Manufactures lab tools and consumables — relevant for R&D tooling needs
Sartorius 22,https://www.sartorius.com,B,Bioprocess and lab automation tools used in pharmaceutical R&D
Metrohm 22,https://www.metrohm.com,B,Electrochemical analysis tools used in lab workflows
Bio-Rad Laboratories 22,https://www.bio-rad.com,B,Life science tools with biotech and pharma relevance
MiTeGen 22,https://www.mitegen.com,C,Niche crystallography tools — small but relevant for scientific labs
Campro Scientific 22,https://www.campro.eu,C,Specialty lab chemical supplier — supports small-scale research setups
Morphisto 22,https://www.morphisto.de,C,Lab reagents and histology tools — useful in niche biomedical research
Cryoport Systems 22,https://www.cryoport.com,C,Specialized cold chain transport — critical for pharma logistics
Thermo Fisher Scientific 23,https://www.thermofisher.com,A,Global leader in lab instruments & consumables — core scientific manufacturing relevance
Danaher Corporation 23,https://www.danaher.com,A,Diversified scientific instrument & life sciences OEM used in pharma and biotech
Agilent Technologies 23,https://www.agilent.com,A,Top analytical instrument manufacturer widely used in pharma QC and R&D
Waters Corporation 23,https://www.waters.com,A,Chromatography and mass spec tools used in drug development and QA
Eppendorf 23,https://www.eppendorf.com,B,Manufactures lab tools and consumables — relevant for R&D tooling needs
Sartorius 23,https://www.sartorius.com,B,Bioprocess and lab automation tools used in pharmaceutical R&D
Metrohm 23,https://www.metrohm.com,B,Electrochemical analysis tools used in lab workflows
Bio-Rad Laboratories 23,https://www.bio-rad.com,B,Life science tools with biotech and pharma relevance
MiTeGen 23,https://www.mitegen.com,C,Niche crystallography tools — small but relevant for scientific labs
Campro Scientific 23,https://www.campro.eu,C,Specialty lab chemical supplier — supports small-scale research setups
Morphisto 23,https://www.morphisto.de,C,Lab reagents and histology tools — useful in niche biomedical research
Cryoport Systems 23,https://www.cryoport.com,C,Specialized cold chain transport — critical for pharma logistics
Thermo Fisher Scientific 24,https://www.thermofisher.com,A,Global leader in lab instruments & consumables — core scientific manufacturing relevance
Danaher Corporation 24,https://www.danaher.com,A,Diversified scientific instrument & life sciences OEM used in pharma and biotech
Agilent Technologies 24,https://www.agilent.com,A,Top analytical instrument manufacturer widely used in pharma QC and R&D
Waters Corporation 24,https://www.waters.com,A,Chromatography and mass spec tools used in drug development and QA
Eppendorf 24,https://www.eppendorf.com,B,Manufactures lab tools and consumables — relevant for R&D tooling needs
Sartorius 24,https://www.sartorius.com,B,Bioprocess and lab automation tools used in pharmaceutical R&D
Metrohm 24,https://www.metrohm.com,B,Electrochemical analysis tools used in lab workflows
Bio-Rad Laboratories 24,https://www.bio-rad.com,B,Life science tools with biotech and pharma relevance
MiTeGen 24,https://www.mitegen.com,C,Niche crystallography tools — small but relevant for scientific labs
Campro Scientific 24,https://www.campro.eu,C,Specialty lab chemical supplier — supports small-scale research setups
Morphisto 24,https://www.morphisto.de,C,Lab reagents and histology tools — useful in niche biomedical research
Cryoport Systems 24,https://www.cryoport.com,C,Specialized cold chain transport — critical for pharma logistics
Thermo Fisher Scientific 25,https://www.thermofisher.com,A,Global leader in lab instruments & consumables — core scientific manufacturing relevance
Danaher Corporation 25,https://www.danaher.com,A,Diversified scientific instrument & life sciences OEM used in pharma and biotech
Agilent Technologies 25,https://www.agilent.com,A,Top analytical instrument manufacturer widely used in pharma QC and R&D
Waters Corporation 25,https://www.waters.com,A,Chromatography and mass spec tools used in drug development and QA
Eppendorf 25,https://www.eppendorf.com,B,Manufactures lab tools and consumables — relevant for R&D tooling needs
Sartorius 25,https://www.sartorius.com,B,Bioprocess and lab automation tools used in pharmaceutical R&D
Metrohm 25,https://www.metrohm.com,B,Electrochemical analysis tools used in lab workflows
Bio-Rad Laboratories 25,https://www.bio-rad.com,B,Life science tools with biotech and pharma relevance
MiTeGen 25,https://www.mitegen.com,C,Niche crystallography tools — small but relevant for scientific labs
Campro Scientific 25,https://www.campro.eu,C,Specialty lab chemical supplier — supports small-scale research setups
Morphisto 25,https://www.morphisto.de,C,Lab reagents and histology tools — useful in niche biomedical research
Cryoport Systems 25,https://www.cryoport.com,C,Specialized cold chain transport — critical for pharma logistics
Thermo Fisher Scientific 26,https://www.thermofisher.com,A,Global leader in lab instruments & consumables — core scientific manufacturing relevance
Danaher Corporation 26,https://www.danaher.com,A,Diversified scientific instrument & life sciences OEM used in pharma and biotech
Agilent Technologies 26,https://www.agilent.com,A,Top analytical instrument manufacturer widely used in pharma QC and R&D
Waters Corporation 26,https://www.waters.com,A,Chromatography and mass spec tools used in drug development and QA
Eppendorf 26,https://www.eppendorf.com,B,Manufactures lab tools and consumables — relevant for R&D tooling needs
Sartorius 26,https://www.sartorius.com,B,Bioprocess and lab automation tools used in pharmaceutical R&D
Metrohm 26,https://www.metrohm.com,B,Electrochemical analysis tools used in lab workflows
Bio-Rad Laboratories 26,https://www.bio-rad.com,B,Life science tools with biotech and pharma relevance
MiTeGen 26,https://www.mitegen.com,C,Niche crystallography tools — small but relevant for scientific labs
Campro Scientific 26,https://www.campro.eu,C,Specialty lab chemical supplier — supports small-scale research setups
Morphisto 26,https://www.morphisto.de,C,Lab reagents and histology tools — useful in niche biomedical research
Cryoport Systems 26,https://www.cryoport.com,C,Specialized cold chain transport — critical for pharma logistics
Thermo Fisher Scientific 27,https://www.thermofisher.com,A,Global leader in lab instruments & consumables — core scientific manufacturing relevance
Danaher Corporation 27,https://www.danaher.com,A,Diversified scientific instrument & life sciences OEM used in pharma and biotech
Agilent Technologies 27,https://www.agilent.com,A,Top analytical instrument manufacturer widely used in pharma QC and R&D
Waters Corporation 27,https://www.waters.com,A,Chromatography and mass spec tools used in drug development and QA
Eppendorf 27,https://www.eppendorf.com,B,Manufactures lab tools and consumables — relevant for R&D tooling needs
Sartorius 27,https://www.sartorius.com,B,Bioprocess and lab automation tools used in pharmaceutical R&D
Metrohm 27,https://www.metrohm.com,B,Electrochemical analysis tools used in lab workflows
Bio-Rad Laboratories 27,https://www.bio-rad.com,B,Life science tools with biotech and pharma relevance
MiTeGen 27,https://www.mitegen.com,C,Niche crystallography tools — small but relevant for scientific labs
Campro Scientific 27,https://www.campro.eu,C,Specialty lab chemical supplier — supports small-scale research setups
Morphisto 27,https://www.morphisto.de,C,Lab reagents and histology tools — useful in niche biomedical research
Cryoport Systems 27,https://www.cryoport.com,C,Specialized cold chain transport — critical for pharma logistics
Thermo Fisher Scientific 28,https://www.thermofisher.com,A,Global leader in lab instruments & consumables — core scientific manufacturing relevance
Danaher Corporation 28,https://www.danaher.com,A,Diversified scientific instrument & life sciences OEM used in pharma and biotech
Agilent Technologies 28,https://www.agilent.com,A,Top analytical instrument manufacturer widely used in pharma QC and R&D
Waters Corporation 28,https://www.waters.com,A,Chromatography and mass spec tools used in drug development and QA
Eppendorf 28,https://www.eppendorf.com,B,Manufactures lab tools and consumables — relevant for R&D tooling needs
Sartorius 28,https://www.sartorius.com,B,Bioprocess and lab automation tools used in pharmaceutical R&D
Metrohm 28,https://www.metrohm.com,B,Electrochemical analysis tools used in lab workflows
Bio-Rad Laboratories 28,https://www.bio-rad.com,B,Life science tools with biotech and pharma relevance
MiTeGen 28,https://www.mitegen.com,C,Niche crystallography tools — small but relevant for scientific labs
Campro Scientific 28,https://www.campro.eu,C,Specialty lab chemical supplier — supports small-scale research setups
Morphisto 28,https://www.morphisto.de,C,Lab reagents and histology tools — useful in niche biomedical research
Cryoport Systems 28,https://www.cryoport.com,C,Specialized cold chain transport — critical for pharma logistics
Thermo Fisher Scientific 29,https://www.thermofisher.com,A,Global leader in lab instruments & consumables — core scientific manufacturing relevance
Danaher Corporation 29,https://www.danaher.com,A,Diversified scientific instrument & life sciences OEM used in pharma and biotech
Agilent Technologies 29,https://www.agilent.com,A,Top analytical instrument manufacturer widely used in pharma QC and R&D
Waters Corporation 29,https://www.waters.com,A,Chromatography and mass spec tools used in drug development and QA
Eppendorf 29,https://www.eppendorf.com,B,Manufactures lab tools and consumables — relevant for R&D tooling needs
Sartorius 29,https://www.sartorius.com,B,Bioprocess and lab automation tools used in pharmaceutical R&D
Metrohm 29,https://www.metrohm.com,B,Electrochemical analysis tools used in lab workflows
Bio-Rad Laboratories 29,https://www.bio-rad.com,B,Life science tools with biotech and pharma relevance
MiTeGen 29,https://www.mitegen.com,C,Niche crystallography tools — small but relevant for scientific labs
Campro Scientific 29,https://www.campro.eu,C,Specialty lab chemical supplier — supports small-scale research setups
Morphisto 29,https://www.morphisto.de,C,Lab reagents and histology tools — useful in niche biomedical research
Cryoport Systems 29,https://www.cryoport.com,C,Specialized cold chain transport — critical for pharma logistics
Thermo Fisher Scientific 30,https://www.thermofisher.com,A,Global leader in lab instruments & consumables — core scientific manufacturing relevance
Danaher Corporation 30,https://www.danaher.com,A,Diversified scientific instrument & life sciences OEM used in pharma and biotech
Agilent Technologies 30,https://www.agilent.com,A,Top analytical instrument manufacturer widely used in pharma QC and R&D
Waters Corporation 30,https://www.waters.com,A,Chromatography and mass spec tools used in drug development and QA
Eppendorf 30,https://www.eppendorf.com,B,Manufactures lab tools and consumables — relevant for R&D tooling needs
Sartorius 30,https://www.sartorius.com,B,Bioprocess and lab automation tools used in pharmaceutical R&D
Metrohm 30,https://www.metrohm.com,B,Electrochemical analysis tools used in lab workflows
Bio-Rad Laboratories 30,https://www.bio-rad.com,B,Life science tools with biotech and pharma relevance
MiTeGen 30,https://www.mitegen.com,C,Niche crystallography tools — small but relevant for scientific labs
Campro Scientific 30,https://www.campro.eu,C,Specialty lab chemical supplier — supports small-scale research setups
Morphisto 30,https://www.morphisto.de,C,Lab reagents and histology tools — useful in niche biomedical research
Cryoport Systems 30,https://www.cryoport.com,C,Specialized cold chain transport — critical for pharma logistics
Thermo Fisher Scientific 31,https://www.thermofisher.com,A,Global leader in lab instruments & consumables — core scientific manufacturing relevance
Danaher Corporation 31,https://www.danaher.com,A,Diversified scientific instrument & life sciences OEM used in pharma and biotech
Agilent Technologies 31,https://www.agilent.com,A,Top analytical instrument manufacturer widely used in pharma QC and R&D
Waters Corporation 31,https://www.waters.com,A,Chromatography and mass spec tools used in drug development and QA
Eppendorf 31,https://www.eppendorf.com,B,Manufactures lab tools and consumables — relevant for R&D tooling needs
Sartorius 31,https://www.sartorius.com,B,Bioprocess and lab automation tools used in pharmaceutical R&D
Metrohm 31,https://www.metrohm.com,B,Electrochemical analysis tools used in lab workflows
Bio-Rad Laboratories 31,https://www.bio-rad.com,B,Life science tools with biotech and pharma relevance
MiTeGen 31,https://www.mitegen.com,C,Niche crystallography tools — small but relevant for scientific labs
Campro Scientific 31,https://www.campro.eu,C,Specialty lab chemical supplier — supports small-scale research setups
Morphisto 31,https://www.morphisto.de,C,Lab reagents and histology tools — useful in niche biomedical research
Cryoport Systems 31,https://www.cryoport.com,C,Specialized cold chain transport — critical for pharma logistics
Thermo Fisher Scientific 32,https://www.thermofisher.com,A,Global leader in lab instruments & consumables — core scientific manufacturing relevance
Danaher Corporation 32,https://www.danaher.com,A,Diversified scientific instrument & life sciences OEM used in pharma and biotech
Agilent Technologies 32,https://www.agilent.com,A,Top analytical instrument manufacturer widely used in pharma QC and R&D
Waters Corporation 32,https://www.waters.com,A,Chromatography and mass spec tools used in drug development and QA
Eppendorf 32,https://www.eppendorf.com,B,Manufactures lab tools and consumables — relevant for R&D tooling needs
Sartorius 32,https://www.sartorius.com,B,Bioprocess and lab automation tools used in pharmaceutical R&D
Metrohm 32,https://www.metrohm.com,B,Electrochemical analysis tools used in lab workflows
Bio-Rad Laboratories 32,https://www.bio-rad.com,B,Life science tools with biotech and pharma relevance
MiTeGen 32,https://www.mitegen.com,C,Niche crystallography tools — small but relevant for scientific labs
Campro Scientific 32,https://www.campro.eu,C,Specialty lab chemical supplier — supports small-scale research setups
Morphisto 32,https://www.morphisto.de,C,Lab reagents and histology tools — useful in niche biomedical research
Cryoport Systems 32,https://www.cryoport.com,C,Specialized cold chain transport — critical for pharma logistics
Thermo Fisher Scientific 33,https://www.thermofisher.com,A,Global leader in lab instruments & consumables — core scientific manufacturing relevance
Danaher Corporation 33,https://www.danaher.com,A,Diversified scientific instrument & life sciences OEM used in pharma and biotech
Agilent Technologies 33,https://www.agilent.com,A,Top analytical instrument manufacturer widely used in pharma QC and R&D
Waters Corporation 33,https://www.waters.com,A,Chromatography and mass spec tools used in drug development and QA
Eppendorf 33,https://www.eppendorf.com,B,Manufactures lab tools and consumables — relevant for R&D tooling needs
Sartorius 33,https://www.sartorius.com,B,Bioprocess and lab automation tools used in pharmaceutical R&D
Metrohm 33,https://www.metrohm.com,B,Electrochemical analysis tools used in lab workflows
Bio-Rad Laboratories 33,https://www.bio-rad.com,B,Life science tools with biotech and pharma relevance
MiTeGen 33,https://www.mitegen.com,C,Niche crystallography tools — small but relevant for scientific labs
Campro Scientific 33,https://www.campro.eu,C,Specialty lab chemical supplier — supports small-scale research setups
Morphisto 33,https://www.morphisto.de,C,Lab reagents and histology tools — useful in niche biomedical research
Cryoport Systems 33,https://www.cryoport.com,C,Specialized cold chain transport — critical for pharma logistics
Thermo Fisher Scientific 34,https://www.thermofisher.com,A,Global leader in lab instruments & consumables — core scientific manufacturing relevance
Danaher Corporation 34,https://www.danaher.com,A,Diversified scientific instrument & life sciences OEM used in pharma and biotech
Agilent Technologies 34,https://www.agilent.com,A,Top analytical instrument manufacturer widely used in pharma QC and R&D
Waters Corporation 34,https://www.waters.com,A,Chromatography and mass spec tools used in drug development and QA
Eppendorf 34,https://www.eppendorf.com,B,Manufactures lab tools and consumables — relevant for R&D tooling needs
Sartorius 34,https://www.sartorius.com,B,Bioprocess and lab automation tools used in pharmaceutical R&D
Metrohm 34,https://www.metrohm.com,B,Electrochemical analysis tools used in lab workflows
Bio-Rad Laboratories 34,https://www.bio-rad.com,B,Life science tools with biotech and pharma relevance
MiTeGen 34,https://www.mitegen.com,C,Niche crystallography tools — small but relevant for scientific labs
Campro Scientific 34,https://www.campro.eu,C,Specialty lab chemical supplier — supports small-scale research setups
Morphisto 34,https://www.morphisto.de,C,Lab reagents and histology tools — useful in niche biomedical research
Cryoport Systems 34,https://www.cryoport.com,C,Specialized cold chain transport — critical for pharma logistics
Thermo Fisher Scientific 35,https://www.thermofisher.com,A,Global leader in lab instruments & consumables — core scientific manufacturing relevance
Danaher Corporation 35,https://www.danaher.com,A,Diversified scientific instrument & life sciences OEM used in pharma and biotech
Agilent Technologies 35,https://www.agilent.com,A,Top analytical instrument manufacturer widely used in pharma QC and R&D
Waters Corporation 35,https://www.waters.com,A,Chromatography and mass spec tools used in drug development and QA
Eppendorf 35,https://www.eppendorf.com,B,Manufactures lab tools and consumables — relevant for R&D tooling needs
Sartorius 35,https://www.sartorius.com,B,Bioprocess and lab automation tools used in pharmaceutical R&D
Metrohm 35,https://www.metrohm.com,B,Electrochemical analysis tools used in lab workflows
Bio-Rad Laboratories 35,https://www.bio-rad.com,B,Life science tools with biotech and pharma relevance
MiTeGen 35,https://www.mitegen.com,C,Niche crystallography tools — small but relevant for scientific labs
Campro Scientific 35,https://www.campro.eu,C,Specialty lab chemical supplier — supports small-scale research setups
Morphisto 35,https://www.morphisto.de,C,Lab reagents and histology tools — useful in niche biomedical research
Cryoport Systems 35,https://www.cryoport.com,C,Specialized cold chain transport — critical for pharma logistics
Thermo Fisher Scientific 36,https://www.thermofisher.com,A,Global leader in lab instruments & consumables — core scientific manufacturing relevance
Danaher Corporation 36,https://www.danaher.com,A,Diversified scientific instrument & life sciences OEM used in pharma and biotech
Agilent Technologies 36,https://www.agilent.com,A,Top analytical instrument manufacturer widely used in pharma QC and R&D
Waters Corporation 36,https://www.waters.com,A,Chromatography and mass spec tools used in drug development and QA
Eppendorf 36,https://www.eppendorf.com,B,Manufactures lab tools and consumables — relevant for R&D tooling needs
Sartorius 36,https://www.sartorius.com,B,Bioprocess and lab automation tools used in pharmaceutical R&D
Metrohm 36,https://www.metrohm.com,B,Electrochemical analysis tools used in lab workflows
Bio-Rad Laboratories 36,https://www.bio-rad.com,B,Life science tools with biotech and pharma relevance
MiTeGen 36,https://www.mitegen.com,C,Niche crystallography tools — small but relevant for scientific labs
Campro Scientific 36,https://www.campro.eu,C,Specialty lab chemical supplier — supports small-scale research setups
Morphisto 36,https://www.morphisto.de,C,Lab reagents and histology tools — useful in niche biomedical research
Cryoport Systems 36,https://www.cryoport.com,C,Specialized cold chain transport — critical for pharma logistics
Thermo Fisher Scientific 37,https://www.thermofisher.com,A,Global leader in lab instruments & consumables — core scientific manufacturing relevance
Danaher Corporation 37,https://www.danaher.com,A,Diversified scientific instrument & life sciences OEM used in pharma and biotech
Agilent Technologies 37,https://www.agilent.com,A,Top analytical instrument manufacturer widely used in pharma QC and R&D
Waters Corporation 37,https://www.waters.com,A,Chromatography and mass spec tools used in drug development and QA
Eppendorf 37,https://www.eppendorf.com,B,Manufactures lab tools and consumables — relevant for R&D tooling needs
Sartorius 37,https://www.sartorius.com,B,Bioprocess and lab automation tools used in pharmaceutical R&D
Metrohm 37,https://www.metrohm.com,B,Electrochemical analysis tools used in lab workflows
Bio-Rad Laboratories 37,https://www.bio-rad.com,B,Life science tools with biotech and pharma relevance
MiTeGen 37,https://www.mitegen.com,C,Niche crystallography tools — small but relevant for scientific labs
Campro Scientific 37,https://www.campro.eu,C,Specialty lab chemical supplier — supports small-scale research setups
Morphisto 37,https://www.morphisto.de,C,Lab reagents and histology tools — useful in niche biomedical research
Cryoport Systems 37,https://www.cryoport.com,C,Specialized cold chain transport — critical for pharma logistics
Thermo Fisher Scientific 38,https://www.thermofisher.com,A,Global leader in lab instruments & consumables — core scientific manufacturing relevance
Danaher Corporation 38,https://www.danaher.com,A,Diversified scientific instrument & life sciences OEM used in pharma and biotech
Agilent Technologies 38,https://www.agilent.com,A,Top analytical instrument manufacturer widely used in pharma QC and R&D
Waters Corporation 38,https://www.waters.com,A,Chromatography and mass spec tools used in drug development and QA
Eppendorf 38,https://www.eppendorf.com,B,Manufactures lab tools and consumables — relevant for R&D tooling needs
Sartorius 38,https://www.sartorius.com,B,Bioprocess and lab automation tools used in pharmaceutical R&D
Metrohm 38,https://www.metrohm.com,B,Electrochemical analysis tools used in lab workflows
Bio-Rad Laboratories 38,https://www.bio-rad.com,B,Life science tools with biotech and pharma relevance
MiTeGen 38,https://www.mitegen.com,C,Niche crystallography tools — small but relevant for scientific labs
Campro Scientific 38,https://www.campro.eu,C,Specialty lab chemical supplier — supports small-scale research setups
Morphisto 38,https://www.morphisto.de,C,Lab reagents and histology tools — useful in niche biomedical research
Cryoport Systems 38,https://www.cryoport.com,C,Specialized cold chain transport — critical for pharma logistics
Thermo Fisher Scientific 39,https://www.thermofisher.com,A,Global leader in lab instruments & consumables — core scientific manufacturing relevance
Danaher Corporation 39,https://www.danaher.com,A,Diversified scientific instrument & life sciences OEM used in pharma and biotech
Agilent Technologies 39,https://www.agilent.com,A,Top analytical instrument manufacturer widely used in pharma QC and R&D
Waters Corporation 39,https://www.waters.com,A,Chromatography and mass spec tools used in drug development and QA
Eppendorf 39,https://www.eppendorf.com,B,Manufactures lab tools and consumables — relevant for R&D tooling needs
Sartorius 39,https://www.sartorius.com,B,Bioprocess and lab automation tools used in pharmaceutical R&D
Metrohm 39,https://www.metrohm.com,B,Electrochemical analysis tools used in lab workflows
Bio-Rad Laboratories 39,https://www.bio-rad.com,B,Life science tools with biotech and pharma relevance
MiTeGen 39,https://www.mitegen.com,C,Niche crystallography tools — small but relevant for scientific labs
Campro Scientific 39,https://www.campro.eu,C,Specialty lab chemical supplier — supports small-scale research setups
Morphisto 39,https://www.morphisto.de,C,Lab reagents and histology tools — useful in niche biomedical research
Cryoport Systems 39,https://www.cryoport.com,C,Specialized cold chain transport — critical for pharma logistics
Thermo Fisher Scientific 40,https://www.thermofisher.com,A,Global leader in lab instruments & consumables — core scientific manufacturing relevance
Danaher Corporation 40,https://www.danaher.com,A,Diversified scientific instrument & life sciences OEM used in pharma and biotech
Agilent Technologies 40,https://www.agilent.com,A,Top analytical instrument manufacturer widely used in pharma QC and R&D
Waters Corporation 40,https://www.waters.com,A,Chromatography and mass spec tools used in drug development and QA
Eppendorf 40,https://www.eppendorf.com,B,Manufactures lab tools and consumables — relevant for R&D tooling needs
Sartorius 40,https://www.sartorius.com,B,Bioprocess and lab automation tools used in pharmaceutical R&D
Metrohm 40,https://www.metrohm.com,B,Electrochemical analysis tools used in lab workflows
Bio-Rad Laboratories 40,https://www.bio-rad.com,B,Life science tools with biotech and pharma relevance
MiTeGen 40,https://www.mitegen.com,C,Niche crystallography tools — small but relevant for scientific labs
Campro Scientific 40,https://www.campro.eu,C,Specialty lab chemical supplier — supports small-scale research setups
Morphisto 40,https://www.morphisto.de,C,Lab reagents and histology tools — useful in niche biomedical research
Cryoport Systems 40,https://www.cryoport.com,C,Specialized cold chain transport — critical for pharma logistics
Thermo Fisher Scientific 41,https://www.thermofisher.com,A,Global leader in lab instruments & consumables — core scientific manufacturing relevance
Danaher Corporation 41,https://www.danaher.com,A,Diversified scientific instrument & life sciences OEM used in pharma and biotech
Agilent Technologies 41,https://www.agilent.com,A,Top analytical instrument manufacturer widely used in pharma QC and R&D
Waters Corporation 41,https://www.waters.com,A,Chromatography and mass spec tools used in drug development and QA
Eppendorf 41,https://www.eppendorf.com,B,Manufactures lab tools and consumables — relevant for R&D tooling needs
Sartorius 41,https://www.sartorius.com,B,Bioprocess and lab automation tools used in pharmaceutical R&D
Metrohm 41,https://www.metrohm.com,B,Electrochemical analysis tools used in lab workflows
Bio-Rad Laboratories 41,https://www.bio-rad.com,B,Life science tools with biotech and pharma relevance
MiTeGen 41,https://www.mitegen.com,C,Niche crystallography tools — small but relevant for scientific labs
Campro Scientific 41,https://www.campro.eu,C,Specialty lab chemical supplier — supports small-scale research setups
Morphisto 41,https://www.morphisto.de,C,Lab reagents and histology tools — useful in niche biomedical research
Cryoport Systems 41,https://www.cryoport.com,C,Specialized cold chain transport — critical for pharma logistics
Thermo Fisher Scientific 42,https://www.thermofisher.com,A,Global leader in lab instruments & consumables — core scientific manufacturing relevance
Danaher Corporation 42,https://www.danaher.com,A,Diversified scientific instrument & life sciences OEM used in pharma and biotech
Agilent Technologies 42,https://www.agilent.com,A,Top analytical instrument manufacturer widely used in pharma QC and R&D
Waters Corporation 42,https://www.waters.com,A,Chromatography and mass spec tools used in drug development and QA
Eppendorf 42,https://www.eppendorf.com,B,Manufactures lab tools and consumables — relevant for R&D tooling needs
Sartorius 42,https://www.sartorius.com,B,Bioprocess and lab automation tools used in pharmaceutical R&D
Metrohm 42,https://www.metrohm.com,B,Electrochemical analysis tools used in lab workflows
Bio-Rad Laboratories 42,https://www.bio-rad.com,B,Life science tools with biotech and pharma relevance
